Engelse naam;;Soort (NL);Latijnse naam;Nederlandse naam;Soss.;Swak.;Etosh;Caprivi;Chobe;Bijz.
Common Ostrich;Ostrich;Struisvogel;Struthio camelus;Struisvogel;;;;;;
White-faced Whistling Duck;Duck;Eenden;Dendrocygna viduata;Witwangfluiteend;;;;Vaak;Vaak;
Fulvous Whistling Duck;Duck;Eenden;Dendrocygna bicolor;Rosse Fluiteend;;;;Soms;Soms;
Maccoa Duck;Duck;Eenden;Oxyura maccoa;Afrikaanse Stekelstaart;Soms;Soms;Soms;;;Kwetsbaar
Egyptian Goose;Duck;Eenden;Alopochen aegyptiaca;Nijlgans;Vaak;Vaak;Vaak;Vaak;Vaak;
South African Shelduck;Duck;Eenden;Tadorna cana;Kaapse Casarca;;;Vaak;;;
Southern Pochard;Duck;Eenden;Netta erythrophthalma;Bruine Krooneend;Vaak;Vaak;Vaak;Vaak;Vaak;
Garganey;Duck;Eenden;Spatula querquedula;Zomertaling;;;;;;Zeldzaam/Dwaalgast 
Hottentot Teal;Duck;Eenden;Spatula hottentota;Hottentottaling;;;Soms;Soms;Soms;
Cape Shoveler;Duck;Eenden;Spatula smithii;Kaapse Slobeend;Soms;Soms;Soms;Soms;;
African Black Duck;Duck;Eenden;Anas sparsa;Afrikaanse Zwarte Eend;;;;;;
Yellow-billed Duck;Duck;Eenden;Anas undulata;Geelsnaveleend;;;;Vaak;Vaak;
Mallard;Duck;Eenden;Anas platyrhynchos;Wilde Eend;;;;;;Geïntroduceerd 
Cape Teal;Duck;Eenden;Anas capensis;Kaapse Taling;Soms;Soms;Soms;Soms;Soms;
Red-billed Teal;Duck;Eenden;Anas erythrorhyncha;Roodsnavelpijlstaart;Vaak;Vaak;Vaak;Vaak;Vaak;
White-backed Duck;Duck;Eenden;Thalassornis leuconotus;Witrugeend;;;Soms;Soms;Soms;
Spur-winged Goose;Duck;Eenden;Plectropterus gambensis;Spoorwiekgans;;;Vaak;Vaak;Vaak;
Comb Duck;Duck;Eenden;Sarkidiornis melanotos;Knobbeleend;;;Soms;Soms;Soms;
African Pygmy Goose;Duck;Eenden;Nettapus auritus;Afrikaanse Dwergeend;;;;Soms;Soms;
Helmeted Guineafowl;Guineafowl;Hoenderen;Numida meleagris;Helmparelhoen;Vaak;Vaak;Vaak;Vaak;Vaak;
Crested Guineafowl;Guineafowl;Hoenderen;Guttera pucherani;Kroonparelhoen;;;;;Soms;
Common Quail;Quail/Fowls;Kwartels;Coturnix coturnix;Kwartel;;;Soms;Soms;Soms;
Harlequin Quail;Quail/Fowls;Kwartels;Coturnix delegorguei;Harlekijnkwartel;;;Soms;Soms;Soms;
Hartlaub's Francolin;Quail/Fowls;Kwartels;Pternistis hartlaubi;Hartlaubs Frankolijn;;;Zelden;;;
Red-billed Francolin;Quail/Fowls;Kwartels;Pternistis adspersus;Roodsnavelfrankolijn;;;Soms;Soms;Soms;
Cape Francolin;Quail/Fowls;Kwartels;Pternistis capensis;Kaapse Frankolijn;;;;;;
Red-necked Spurfowl;Quail/Fowls;Kwartels;Pternistis afer;Roodkeelfrankolijn;;;;Vaak;;
Swainson's Francolin;Quail/Fowls;Kwartels;Pternistis swainsonii;Swainsons Frankolijn;;;Vaak;Vaak;Vaak;
Crested Francolin;Quail/Fowls;Kwartels;Dendroperdix sephaena;Kuiffrankolijn;;;Vaak;Vaak;Vaak;
Coqui Francolin;Quail/Fowls;Kwartels;Peliperdix coqui;Coquifrankolijn;;;;Vaak;Vaak;
Orange River Francolin;Quail/Fowls;Kwartels;Scleroptila gutturalis;Archers Frankolijn;;;Soms;;;
Greater Flamingo;Flamingo;Flamingos;Phoenicopterus roseus;Flamingo;Soms;Soms;Soms;Soms;Soms;
Lesser Flamingo;Flamingo;Flamingos;Phoeniconaias minor;Kleine Flamingo;Soms;Soms;;Soms;Soms;Bijna uitgestorven
Little Grebe;Grebe;Futen;Tachybaptus ruficollis;Dodaars;Vaak;Vaak;Vaak;Vaak;Vaak;
Great Crested Grebe;Grebe;Futen;Podiceps cristatus;Fuut;;;;;;
Black-necked Grebe;Grebe;Futen;Podiceps nigricollis;Geoorde Fuut;Soms;Soms;Soms;;;
Rock Dove;Dove;Duiven;Columba livia;Rotsduif;;;;;;Geïntroduceerde soort 
Speckled Pigeon;Dove;Duiven;Columba guinea;Gespikkelde Duif;Vaak;Vaak;Vaak;;;
European Turtle Dove;Dove;Duiven;Streptopelia turtur;Zomertortel;;;;;;Zeldzaam/Dwaalgast 
Mourning Collared Dove;Dove;Duiven;Streptopelia decipiens;Treurtortel;;;;Soms;Soms;
Red-eyed Dove;Dove;Duiven;Streptopelia semitorquata;Roodoogtortel;;;;Vaak;Vaak;
Ring-necked Dove;Dove;Duiven;Streptopelia capicola;Kaapse Tortel;Vaak;Vaak;Vaak;Vaak;Vaak;
Laughing Dove;Dove;Duiven;Streptopelia senegalensis;Palmtortel;Vaak;Vaak;Vaak;Vaak;Vaak;
African Green Pigeon;Dove;Duiven;Treron calvus;Afrikaanse Papegaaiduif;;;Vaak;Vaak;Vaak;
Emerald-spotted Wood Dove;Dove;Duiven;Turtur chalcospilos;Smaragdvlekduif;;;Vaak;Vaak;Vaak;
Namaqua Dove;Dove;Duiven;Oena capensis;Maskerduif;Vaak;Vaak;Vaak;Vaak;Vaak;
Namaqua Sandgrouse;Grouse;Zandhoenderen;Pterocles namaqua;Namaquazandhoen;Vaak;Vaak;Vaak;Vaak;;
Yellow-throated Sandgrouse;Grouse;Zandhoenderen;Pterocles gutturalis;Geelkeelzandhoen;;;;Zelden;Zelden;
Double-banded Sandgrouse;Grouse;Zandhoenderen;Pterocles bicinctus;Dubbelbandzandhoen;Soms;Soms;Soms;Soms;Soms;
Burchell's Sandgrouse;Grouse;Zandhoenderen;Pterocles burchelli;Bont Zandhoen;;;Soms;Soms;Soms;
Red-billed Tropicbird;Tropicbird;Keerkringvogels;Phaethon aethereus;Roodsnavelkeerkringvogel;;;;;;Zeldzaam/Dwaalgast 
White-tailed Tropicbird;Tropicbird;Keerkringvogels;Phaethon lepturus;Witstaartkeerkringvogel;;;;;;Zeldzaam/Dwaalgast 
European Nightjar;Nightjar;Nachtzwaluwen;Caprimulgus europaeus;Nachtzwaluw;;;Soms;Soms;Soms;
Rufous-cheeked Nightjar;Nightjar;Nachtzwaluwen;Caprimulgus rufigena;Roodwangnachtzwaluw;Soms;Soms;Soms;Soms;Soms;
Fiery-necked Nightjar;Nightjar;Nachtzwaluwen;Caprimulgus pectoralis;Roesthalsnachtzwaluw;;;Vaak;Vaak;Vaak;
Swamp Nightjar;Nightjar;Nachtzwaluwen;Caprimulgus natalensis;Moerasnachtzwaluw;;;;;Zelden;
Freckled Nightjar;Nightjar;Nachtzwaluwen;Caprimulgus tristigma;Rotsnachtzwaluw;Soms;Soms;Soms;;Soms;
Mozambique Nightjar;Nightjar;Nachtzwaluwen;Caprimulgus fossii;Gabonnachtzwaluw;;;;Vaak;Vaak;
Pennant-winged Nightjar;Nightjar;Nachtzwaluwen;Caprimulgus vexillarius;Wimpelnachtzwaluw;;;;Soms;Soms;
Böhm's Spinetailed Swift;Swift;Gierzwaluwen;Neafrapus boehmi;Böhms Gierzwaluw;;;;Zelden;Zelden;
African Palm Swift;Swift;Gierzwaluwen;Cypsiurus parvus;Afrikaanse Palmgierzwaluw;;;Vaak;Vaak;Vaak;
Alpine Swift;Swift;Gierzwaluwen;Tachymarptis melba;Alpengierzwaluw;Vaak;Vaak;Vaak;Soms;Soms;
White-rumped Swift;Swift;Gierzwaluwen;Apus caffer;Kaffergierzwaluw;;Vaak;Vaak;;;
Horus Swift;Swift;Gierzwaluwen;Apus horus;Horusgierzwaluw;;;;;Zelden;
Little Swift;Swift;Gierzwaluwen;Apus affinis;Huisgierzwaluw;Vaak;Vaak;Vaak;Vaak;Vaak;
Bradfield's Swift;Swift;Gierzwaluwen;Apus bradfieldi;Damaragierzwaluw;Soms;Soms;Soms;;;
Common Swift;Swift;Gierzwaluwen;Apus apus;Gierzwaluw;Vaak;Vaak;Vaak;Vaak;Vaak;
Senegal Coucal;Cuckoo;Koekoeken;Centropus senegalensis;Senegalese Spoorkoekoek;;;Zelden;Zelden;Zelden;
Coppery-tailed Coucal;Cuckoo;Koekoeken;Centropus cupreicaudus;Koperstaartspoorkoekoek;;;;Zelden;Zelden;
White-browed Coucal;Cuckoo;Koekoeken;Centropus superciliosus;Wenkbrauwspoorkoekoek;;;;Vaak;Vaak;
African Black Coucal;Cuckoo;Koekoeken;Centropus grillii;Zwarte Spoorkoekoek;;;;Zelden;Zelden;
Jacobin Cuckoo;Cuckoo;Koekoeken;Clamator jacobinus;Jacobijnkoekoek;;;Vaak;Vaak;Vaak;
Levaillant's Cuckoo;Cuckoo;Koekoeken;Clamator levaillantii;Levaillants Koekoek;;;Soms;Soms;Soms;
Great Spotted Cuckoo;Cuckoo;Koekoeken;Clamator glandarius;Kuifkoekoek;;;Vaak;Vaak;Vaak;
Thick-billed Cuckoo;Cuckoo;Koekoeken;Pachycoccyx audeberti;Diksnavelkoekoek;;;;;;
Klaas's Cuckoo;Cuckoo;Koekoeken;Chrysococcyx klaas;Klaas' Koekoek;;;Vaak;Vaak;Vaak;
African Emerald Cuckoo;Cuckoo;Koekoeken;Chrysococcyx cupreus;Smaragdkoekoek;;;;;Vaak;
Diederick Cuckoo;Cuckoo;Koekoeken;Chrysococcyx caprius;Diederikkoekoek;Vaak;Vaak;Vaak;Vaak;Vaak;
Red-chested Cuckoo;Cuckoo;Koekoeken;Cuculus solitarius;Heremietkoekoek;;;;Vaak;Vaak;
Black Cuckoo;Cuckoo;Koekoeken;Cuculus clamosus;Zwarte Koekoek;;;Vaak;Vaak;Vaak;
Common Cuckoo;Cuckoo;Koekoeken;Cuculus canorus;Koekoek;;;Soms;Soms;Soms;
African Cuckoo;Cuckoo;Koekoeken;Cuculus gularis;Afrikaanse Koekoek;;;Soms;Soms;Soms;
African Rail;Crakes;Rallen;Rallus caerulescens;Afrikaanse Waterral;;;Vaak;Vaak;Vaak;
African Crake;Crakes;Rallen;Crex egregia;Afrikaanse Kwartelkoning;;;Soms;Soms;Soms;
Corncrake;Crakes;Rallen;Crex crex;Kwartelkoning;;;;Soms;Soms;Zeldzaam/Dwaalgast 
Spotted Crake;Crakes;Rallen;Porzana porzana;Porseleinhoen;;;Soms;Soms;Soms;
Black Crake;Crakes;Rallen;Zapornia flavirostra;Zwart Porseleinhoen;;Vaak;Vaak;Vaak;Vaak;
Baillon's Crake;Crakes;Rallen;Zapornia pusilla;Kleinst Waterhoen;;;Soms;Soms;Soms;
Striped Crake;Crakes;Rallen;Amaurornis marginalis;Afrikaans Porseleinhoen;;;Soms;Soms;Soms;
Purple Swamphen;Crakes;Rallen;Porphyrio porphyrio;Purperkoet;;Soms;Soms;Soms;Soms;
Allen's Gallinule;Crakes;Rallen;Porphyrio alleni;Afrikaans Purperhoen;;;;Soms;Soms;
Purple Gallinule;Crakes;Rallen;Porphyrio martinicus;Amerikaans Purperhoen;;;;;;Zeldzaam/Dwaalgast 
Common Moorhen;Crakes;Rallen;Gallinula chloropus;Waterhoen;Vaak;Vaak;Vaak;Vaak;Vaak;
Lesser Moorhen;Crakes;Rallen;Gallinula angulata;Afrikaans Waterhoen;;;Soms;Soms;Soms;
Red-knobbed Coot;Crakes;Rallen;Fulica cristata;Knobbelmeerkoet;Vaak;Vaak;Vaak;Vaak;;
Buff-spotted Flufftail;Flufttail;Rallen;Sarothrura elegans;Bruinvlekral;;;;;;
Red-chested Flufftail;Flufttail;Rallen;Sarothrura rufa;Roodborstral;;;;;;
African Finfoot;Finfoot;Watertrapper;Podica senegalensis;Watertrapper;;;;Zelden;Zelden;
Grey Crowned Crane;Crane;Kraanvogels;Balearica regulorum;Grijze Kroonkraanvogel;;;Vaak;Vaak;Vaak;In gevaar
Wattled Crane;Crane;Kraanvogels;Grus carunculata;Lelkraanvogel;;;;Zelden;Zelden;Kwetsbaar
Blue Crane;Crane;Kraanvogels;Grus paradisea;Stanleys Kraanvogel;;;;;;Kwetsbaar
Vigors's Bustard;Bustard;Trappen;Heterotetrax vigorsii;Zwartkintrap;;;;;;
Rüppell's Bustard;Bustard;Trappen;Heterotetrax rueppelii;Rüppells Trap;Vaak;Vaak;;;;
Black-bellied Bustard;Bustard;Trappen;Lissotis melanogaster;Zwartbuiktrap;;;;Zelden;Zelden;
Kori Bustard;Bustard;Trappen;Ardeotis kori;Koritrap;Soms;Soms;Soms;Soms;Soms;Bijna uitgestorven
Ludwig's Bustard;Bustard;Trappen;Ardeotis ludwigii;Ludwigs Trap;Soms;Soms;Soms;;;In gevaar
Denham's Bustard;Bustard;Trappen;Ardeotis denhami;Denhams Trap;;;;Soms;Soms;Bijna uitgestorven
Red-crested Bustard;Bustard;Trappen;Lophotis ruficrista;Zuid-Afrikaanse Kuiftrap;;;Vaak;Vaak;Vaak;
White-bellied Bustard;Bustard;Trappen;Eupodotis senegalensis;Senegaltrap;Vaak;Vaak;;;;Zeldzaam/Dwaalgast 
White-quilled Bustard;Bustard;Trappen;Afrotis afraoides;Botswanatrap;;;;;;
Grey Go-away-bird;Turacoo;Toerakos;Corythaixoides concolor;Vale Toerako;Vaak;Vaak;Vaak;Vaak;Vaak;
Schalow's Turaco;Turacoo;Toerakos;Tauraco schalowi;Schalows Toerako;;;;;;
Little Penguin;Penguin;Pinguins;Eudyptula minor;Dwergpinguïn;;;;;;Zeldzaam/Dwaalgast 
Jackass Penguin;Penguin;Pinguins;Spheniscus demersus;Zwartvoetpinguïn;Soms;Soms;;;;In gevaar
Wilson's Storm-petrel;Storm-petrel;Stormvogels;Oceanites oceanicus;Wilsons Stormvogeltje;Vaak;Vaak;;;;
Black-bellied Storm-petrel;Storm-petrel;Stormvogels;Fregetta tropica;Zwartbuikstormvogeltje;;;;;;
Wandering Albatross;Albatross;Albatrossen;Diomedea exulans;Grote Albatros;Soms;Soms;;;;
Yellow-nosed Albatross;Albatross;Albatrossen;Thalassarche chlororhynchos;Geelbekalbatros;Vaak;Vaak;;;;
Grey-headed Albatross;Albatross;Albatrossen;Thalassarche chrysostoma;Grijskopalbatros;;;;;;In gevaar
Black-browed Albatross;Albatross;Albatrossen;Thalassarche melanophris;Wenkbrauwalbatros;Vaak;Vaak;;;;
White-capped Albatross;Albatross;Albatrossen;Thalassarche cauta;Witkapalbatros;Soms;Soms;;;;
European Storm-petrel;Storm-petrel;Stormvogels;Hydrobates pelagicus;Stormvogeltje;Soms;Soms;;;;
Madeiran Storm-petrel;Storm-petrel;Stormvogels;Hydrobates castro;Madeirastormvogeltje;;;;;;Zeldzaam/Dwaalgast 
Leach's Storm-petrel;Storm-petrel;Stormvogels;Hydrobates leucorhous;Vaal Stormvogeltje;Zelden;Zelden;;;;Kwetsbaar
Northern Giant Petrel;Petrel/Shearwaters;Stormvogels;Macronectes halli;Noordelijke Reuzenstormvogel;Vaak;Vaak;;;;
Southern Giant Petrel;Petrel/Shearwaters;Stormvogels;Macronectes giganteus;Zuidelijke Reuzenstormvogel;Soms;Soms;;;;
Southern Fulmar;Petrel/Shearwaters;Stormvogels;Fulmarus glacialoides;Grijze Stormvogel;;;;;;Zeldzaam/Dwaalgast 
Cape Petrel;Petrel/Shearwaters;Stormvogels;Daption capense;Kaapse Stormvogel;Vaak;Vaak;;;;
Antarctic Prion;Petrel/Shearwaters;Stormvogels;Pachyptila desolata;Antarctische Prion;Soms;Soms;;;;
Fairy Prion;Petrel/Shearwaters;Stormvogels;Pachyptila turtur;Duifprion;Soms;Soms;;;;Zeldzaam/Dwaalgast 
Barau's Petrel;Petrel/Shearwaters;Stormvogels;Pterodroma baraui;Baraus Stormvogel;;;;;;In gevaar
Soft-plumaged Petrel;Petrel/Shearwaters;Stormvogels;Pterodroma mollis;Donsstormvogel;Soms;Soms;;;;
Atlantic Petrel;Petrel/Shearwaters;Stormvogels;Pterodroma incerta;Schlegels Stormvogel;;;;;;In gevaar
Great-winged Petrel;Petrel/Shearwaters;Stormvogels;Pterodroma macroptera;Langvleugelstormvogel;Soms;Soms;;;;
White-chinned Petrel;Petrel/Shearwaters;Stormvogels;Procellaria aequinoctialis;Witkinstormvogel;Vaak;Vaak;;;;Kwetsbaar
Spectacled Petrel;Petrel/Shearwaters;Stormvogels;Procellaria conspicillata;Brilstormvogel;;;;;;Kwetsbaar
Sooty Shearwater;Petrel/Shearwaters;Stormvogels;Ardenna grisea;Grauwe Pijlstormvogel;Vaak;Vaak;;;;Bijna uitgestorven
Great Shearwater;Petrel/Shearwaters;Stormvogels;Ardenna gravis;Grote Pijlstormvogel;Soms;Soms;;;;
Scopoli's Shearwater;Petrel/Shearwaters;Stormvogels;Calonectris diomedea;Scopoli's Pijlstormvogel;Soms;Soms;;;;
Cory's Shearwater;Petrel/Shearwaters;Stormvogels;Calonectris borealis;Kuhls Pijlstormvogel;;;;;;
Manx Shearwater;Petrel/Shearwaters;Stormvogels;Puffinus puffinus;Noordse Pijlstormvogel;;;;;;
Bulwer's Petrel;Petrel/Shearwaters;Stormvogels;Bulweria bulwerii;Bulwers Stormvogel;;;;;;Zeldzaam/Dwaalgast 
Marabou;Storks;Ooievaars;Leptoptilos crumenifer;Afrikaanse Maraboe;;;Soms;Soms;Soms;
Yellow-billed Stork;Storks;Ooievaars;Mycteria ibis;Afrikaanse Nimmerzat;Zelden;;;Zelden;Soms;
African Openbill;Storks;Ooievaars;Anastomus lamelligerus;Afrikaanse Gaper;;;Zelden;Zelden;Zelden;
Black Stork;Storks;Ooievaars;Ciconia nigra;Zwarte Ooievaar;Zelden;Zelden;Zelden;Zelden;Zelden;
Abdim's Stork;Storks;Ooievaars;Ciconia abdimii;Abdims Ooievaar;;;Soms;Soms;Soms;
Woolly-necked Stork;Storks;Ooievaars;Ciconia episcopus;Bisschopsooievaar;;Zelden;Zelden;Zelden;Zelden;
European White Stork;Storks;Ooievaars;Ciconia ciconia;Ooievaar;Vaak;Vaak;Vaak;Vaak;Vaak;
Saddle-bill Stork;Storks;Ooievaars;Ephippiorhynchus senegalensis;Zadelbekooievaar;;;Zelden;Zelden;Zelden;
Great White Pelican;Pelican;Pelikanen;Pelecanus onocrotalus;Roze Pelikaan;Soms;Soms;Soms;Soms;Soms;
Pink-backed Pelican;Pelican;Pelikanen;Pelecanus rufescens;Kleine Pelikaan;;;;Soms;Soms;
Hamerkop;Hamerkop;Hamerkoppen;Scopus umbretta;Hamerkop;Vaak;Vaak;Vaak;Vaak;Vaak;
Eurasian Bittern;Bittern/Heron;Reigers;Botaurus stellaris;Roerdomp;;;;;Zelden;
Little Bittern;Bittern/Heron;Reigers;Ixobrychus minutus;Woudaap;;Zelden;Zelden;Zelden;Zelden;
Dwarf Bittern;Bittern/Heron;Reigers;Ixobrychus sturmii;Afrikaanse Woudaap;;;Zelden;Zelden;Zelden;
White-backed Night Heron;Bittern/Heron;Reigers;Gorsachius leuconotus;Witrugkwak;;;;Zelden;Zelden;
Black-crowned Night Heron;Bittern/Heron;Reigers;Nycticorax nycticorax;Kwak;;;Soms;Soms;Soms;
Striated Heron;Bittern/Heron;Reigers;Butorides striata;Mangrovereiger;;;Soms;Soms;Soms;
Squacco Heron;Bittern/Heron;Reigers;Ardeola ralloides;Ralreiger;;Soms;Soms;Soms;Soms;
Rufous-bellied Heron;Bittern/Heron;Reigers;Ardeola rufiventris;Roodbuikreiger;;;Zelden;Soms;Soms;
Cattle Egret;Bittern/Heron;Reigers;Bubulcus ibis;Koereiger;;Vaak;Vaak;Vaak;Vaak;
Grey Heron;Bittern/Heron;Reigers;Ardea cinerea;Blauwe Reiger;Soms;Soms;Soms;Soms;Soms;
Black-headed Heron;Bittern/Heron;Reigers;Ardea melanocephala;Zwartkopreiger;Vaak;Vaak;Vaak;Vaak;Vaak;
Goliath Heron;Bittern/Heron;Reigers;Ardea goliath;Reuzenreiger;;;Soms;Soms;Soms;
Purple Heron;Bittern/Heron;Reigers;Ardea purpurea;Purperreiger;;;Soms;Soms;Soms;
Great Egret;Bittern/Heron;Reigers;Ardea alba;Grote Zilverreiger;;;Soms;Soms;Soms;
Intermediate Egret;Bittern/Heron;Reigers;Ardea intermedia;Middelste Zilverreiger;;;Soms;Soms;Soms;
Black Heron;Bittern/Heron;Reigers;Egretta ardesiaca;Zwarte Reiger;;;Soms;Soms;Soms;
Slaty Egret;Bittern/Heron;Reigers;Egretta vinaceigula;Sharpes Reiger;;;;Zelden;Zelden;Kwetsbaar
Little Egret;Bittern/Heron;Reigers;Egretta garzetta;Kleine Zilverreiger;Soms;Soms;Soms;Soms;Soms;
African Sacred Ibis;Ibis;Ibissen;Threskiornis aethiopicus;Heilige Ibis;;;Vaak;Vaak;Vaak;
African Spoonbill;Ibis;Ibissen;Platalea alba;Afrikaanse Lepelaar;;;Soms;Soms;Soms;
Hadada Ibis;Ibis;Ibissen;Bostrychia hagedash;Hadada-ibis;;;;Vaak;Vaak;
Glossy Ibis;Ibis;Ibissen;Plegadis falcinellus;Zwarte Ibis;;;Soms;Soms;Soms;
Cape Gannet;Gannet/Booby;Jan-van-genten;Morus capensis;Kaapse Jan-van-gent;Vaak;Vaak;;;;In gevaar
Australasian Gannet;Gannet/Booby;Jan-van-genten;Morus serrator;Pacifische Jan-van-gent;;;;;;Zeldzaam/Dwaalgast 
Red-footed Booby;Gannet/Booby;Jan-van-genten;Sula sula;Roodpootgent;;;;;;Zeldzaam/Dwaalgast 
Brown Booby;Gannet/Booby;Jan-van-genten;Sula leucogaster;Bruine Gent;;;;;;Zeldzaam/Dwaalgast 
Crowned Cormorant;Cormorant;Aalscholvers;Microcarbo coronatus;Kroonaalscholver;Zelden;Zelden;;;;Bijna uitgestorven
Long-tailed Cormorant;Cormorant;Aalscholvers;Microcarbo africanus;Afrikaanse Dwergaalscholver;Vaak;Vaak;Vaak;Vaak;Vaak;
Great Cormorant;Cormorant;Aalscholvers;Phalacrocorax carbo;Grote Aalscholver;Soms;Soms;Zelden;Soms;Soms;
Cape Cormorant;Cormorant;Aalscholvers;Phalacrocorax capensis;Kaapse Aalscholver;Vaak;Vaak;;;;In gevaar
Bank Cormorant;Cormorant;Aalscholvers;Phalacrocorax neglectus;Kustaalscholver;Soms;Soms;;;;In gevaar
African Darter;Darter;Slangenhalsvogels;Anhinga rufa;Afrikaanse Slangenhalsvogel;Soms;Soms;Soms;Soms;Soms;
Water Thick-knee;Thick-knee;Grielen;Burhinus vermiculatus;Watergriel;;;Vaak;Vaak;Vaak;
Spotted Thick-knee;Thick-knee;Grielen;Burhinus capensis;Kaapse Griel;Vaak;Vaak;Vaak;Vaak;Vaak;
African Oystercatcher;Oystercatcher;Scholeksters;Haematopus moquini;Afrikaanse Zwarte Scholekster;Soms;Soms;;;;
Eurasian Oystercatcher;Oystercatcher;Scholeksters;Haematopus ostralegus;Scholekster;;;;;;
Pied Avocet;Avocet/Stilt;Kluten;Recurvirostra avosetta;Kluut;Soms;Soms;Soms;Soms;Soms;
Black-winged Stilt;Avocet/Stilt;Kluten;Himantopus himantopus;Steltkluut;Soms;Soms;Soms;Soms;Soms;
American Golden Plover;Plover/Lapwing;Plevieren;Pluvialis dominica;Amerikaanse Goudplevier;;;;;;Zeldzaam/Dwaalgast 
Common Ringed Plover;Plover/Lapwing;Plevieren;Charadrius hiaticula;Bontbekplevier;Vaak;Vaak;Vaak;Vaak;Vaak;
Kittlitz's Plover;Plover/Lapwing;Plevieren;Charadrius pecuarius;Herdersplevier;Vaak;Vaak;Vaak;Vaak;Vaak;
Three-banded Plover;Plover/Lapwing;Plevieren;Charadrius tricollaris;Driebandplevier;Vaak;Vaak;Vaak;Vaak;Vaak;
White-fronted Plover;Plover/Lapwing;Plevieren;Charadrius marginatus;Vale Strandplevier;Vaak;Vaak;;;;
Kentish Plover;Plover/Lapwing;Plevieren;Charadrius alexandrinus;Strandplevier;;;;;;Zeldzaam/Dwaalgast 
Chestnut-banded Plover;Plover/Lapwing;Plevieren;Charadrius pallidus;Kaapse Plevier;Zelden;Zelden;Zelden;;;Bijna uitgestorven
Lesser Sand Plover;Plover/Lapwing;Plevieren;Charadrius mongolus;Mongoolse Plevier;;;;;;Zeldzaam/Dwaalgast 
Greater Sand Plover;Plover/Lapwing;Plevieren;Charadrius leschenaultii;Woestijnplevier;;;;;;Zeldzaam/Dwaalgast 
Caspian Plover;Plover/Lapwing;Plevieren;Charadrius asiaticus;Kaspische Plevier;;Soms;Soms;Soms;Soms;
Long-toed Lapwing;Plover/Lapwing;Plevieren;Vanellus crassirostris;Langteenkievit;;;;Soms;Soms;
Blacksmith Lapwing;Plover/Lapwing;Plevieren;Vanellus armatus;Smidsplevier;Vaak;Vaak;Vaak;Vaak;Vaak;
Spur-winged Lapwing;Plover/Lapwing;Plevieren;Vanellus spinosus;Sporenkievit;;;;;;Zeldzaam/Dwaalgast 
White-headed Lapwing;Plover/Lapwing;Plevieren;Vanellus albiceps;Witkruinkievit;;;;;Zelden;
Crowned Lapwing;Plover/Lapwing;Plevieren;Vanellus coronatus;Diadeemkievit;Vaak;Vaak;Vaak;Vaak;Vaak;
African Wattled Lapwing;Plover/Lapwing;Plevieren;Vanellus senegallus;Lelkievit;;;Soms;Soms;Soms;
Greater Painted-snipe;Painted-snipe;Goudsnippen;Rostratula benghalensis;Goudsnip;;Zelden;Zelden;Zelden;Zelden;
African Jacana;Jacana;Jacanas;Actophilornis africanus;Lelieloper;;Soms;Soms;Soms;Soms;
Lesser Jacana;Jacana;Jacanas;Microparra capensis;Dwergjacana;;;;Zelden;Zelden;
Whimbrel;Sandpiper/Snipe;Steltlopers;Numenius phaeopus;Regenwulp;Soms;Soms;;;;
Eurasian Curlew;Sandpiper/Snipe;Steltlopers;Numenius arquata;Wulp;Soms;Soms;;;;Bijna uitgestorven
Bar-tailed Godwit;Sandpiper/Snipe;Steltlopers;Limosa lapponica;Rosse Grutto;Soms;Soms;;;;Bijna uitgestorven
Black-tailed Godwit;Sandpiper/Snipe;Steltlopers;Limosa limosa;Grutto;;;;;;Bijna uitgestorven
Ruddy Turnstone;Sandpiper/Snipe;Steltlopers;Arenaria interpres;Steenloper;Vaak;Vaak;;;;
Great Knot;Sandpiper/Snipe;Steltlopers;Calidris tenuirostris;Grote Kanoet;;;;;;In gevaar
Red Knot;Sandpiper/Snipe;Steltlopers;Calidris canutus;Kanoet;Soms;Soms;;;;Bijna uitgestorven
Ruff;Sandpiper/Snipe;Steltlopers;Calidris pugnax;Kemphaan;;;;;;
Broad-billed Sandpiper;Sandpiper/Snipe;Steltlopers;Calidris falcinellus;Breedbekstrandloper;;;;;;Zeldzaam/Dwaalgast 
Curlew Sandpiper;Sandpiper/Snipe;Steltlopers;Calidris ferruginea;Krombekstrandloper;Vaak;Vaak;Vaak;Vaak;Vaak;Bijna uitgestorven
Sanderling;Sandpiper/Snipe;Steltlopers;Calidris alba;Drieteenstrandloper;Vaak;Vaak;;;Soms;
Baird's Sandpiper;Sandpiper/Snipe;Steltlopers;Calidris bairdii;Bairds Strandloper;;;;;;Zeldzaam/Dwaalgast 
Little Stint;Sandpiper/Snipe;Steltlopers;Calidris minuta;Kleine Strandloper;Vaak;Vaak;Vaak;Vaak;Vaak;
White-rumped Sandpiper;Sandpiper/Snipe;Steltlopers;Calidris fuscicollis;Bonapartes Strandloper;;;;;;Zeldzaam/Dwaalgast 
Buff-breasted Sandpiper;Sandpiper/Snipe;Steltlopers;Calidris subruficollis;Blonde Ruiter;;;;;;Bijna uitgestorven
Pectoral Sandpiper;Sandpiper/Snipe;Steltlopers;Calidris melanotos;Gestreepte Strandloper;;;;;;Zeldzaam/Dwaalgast 
African Snipe;Sandpiper/Snipe;Steltlopers;Gallinago nigripennis;Afrikaanse Snip;;;Vaak;Vaak;Vaak;
Great Snipe;Sandpiper/Snipe;Steltlopers;Gallinago media;Poelsnip;;;;Zelden;Zelden;Bijna uitgestorven
Terek Sandpiper;Sandpiper/Snipe;Steltlopers;Xenus cinereus;Terekruiter;Soms;Soms;;;;
Common Sandpiper;Sandpiper/Snipe;Steltlopers;Actitis hypoleucos;Oeverloper;Vaak;Vaak;Vaak;Vaak;Vaak;
Green Sandpiper;Sandpiper/Snipe;Steltlopers;Tringa ochropus;Witgat;;;;Zelden;Zelden;
Lesser Yellowlegs;Sandpiper/Snipe;Steltlopers;Tringa flavipes;Kleine Geelpootruiter;;;;;;Zeldzaam/Dwaalgast 
Common Greenshank;Sandpiper/Snipe;Steltlopers;Tringa nebularia;Groenpootruiter;Vaak;Vaak;Vaak;Vaak;Vaak;
Common Redshank;Sandpiper/Snipe;Steltlopers;Tringa totanus;Tureluur;;Zelden;Zelden;Zelden;Zelden;
Wood Sandpiper;Sandpiper/Snipe;Steltlopers;Tringa glareola;Bosruiter;Vaak;Vaak;Vaak;Vaak;Vaak;
Marsh Sandpiper;Sandpiper/Snipe;Steltlopers;Tringa stagnatilis;Poelruiter;Vaak;Vaak;Vaak;Vaak;Vaak;
Wilson's Phalarope;Sandpiper/Snipe;Steltlopers;Steganopus tricolor;Grote Franjepoot;;;;;;Zeldzaam/Dwaalgast 
Red-necked Phalarope;Sandpiper/Snipe;Steltlopers;Phalaropus lobatus;Grauwe Franjepoot;;;;;;
Grey Phalarope;Sandpiper/Snipe;Steltlopers;Phalaropus fulicarius;Rosse Franjepoot;;;;;;
Common Buttonquail;Buttonquail;Kwartels;Turnix sylvaticus;Gestreepte Vechtkwartel;;Soms;Soms;Soms;Soms;
Double-banded Courser;Courser/Pratincole;Renvogels;Rhinoptilus africanus;Dubbelbandrenvogel;Vaak;Vaak;Vaak;;;
Heuglin's Courser;Courser/Pratincole;Renvogels;Rhinoptilus cinctus;Driebandrenvogel;;;;Soms;Soms;
Bronze-winged Courser;Courser/Pratincole;Renvogels;Rhinoptilus chalcopterus;Bronsvleugelrenvogel;;;Soms;Soms;Soms;
Burchell's Courser;Courser/Pratincole;Renvogels;Cursorius rufus;Rosse Renvogel;Zelden;Zelden;Zelden;;;
Temminck's Courser;Courser/Pratincole;Renvogels;Cursorius temminckii;Temmincks Renvogel;;;Soms;Soms;Soms;
Collared Pratincole;Courser/Pratincole;Renvogels;Glareola pratincola;Vorkstaartplevier;;;;Soms;Soms;
Black-winged Pratincole;Courser/Pratincole;Renvogels;Glareola nordmanni;Steppevorkstaartplevier;;;;Zelden;Zelden;Bijna uitgestorven
Rock Pratincole;Courser/Pratincole;Renvogels;Glareola nuchalis;Rotsvorkstaartplevier;;;;Soms;;
Long-tailed Skua;Skua;Jagers;Stercorarius longicaudus;Kleinste Jager;Zelden;Zelden;;;;
Arctic Skua;Skua;Jagers;Stercorarius parasiticus;Kleine Jager;Vaak;Vaak;;;;
Pomarine Skua;Skua;Jagers;Stercorarius pomarinus;Middelste Jager;Soms;Soms;;;;
Brown Skua;Skua;Jagers;Stercorarius antarcticus;Subantarctische Grote Jager;Vaak;Vaak;;;;
Black Skimmer;Gull/Tern;Sternen/Meeuwen;Rynchops niger;Amerikaanse Schaarbek;;;;;;Zeldzaam/Dwaalgast 
African Skimmer;Gull/Tern;Sternen/Meeuwen;Rynchops flavirostris;Afrikaanse Schaarbek;;;;Soms;Soms;Bijna uitgestorven
Sabine's Gull;Gull/Tern;Sternen/Meeuwen;Xema sabini;Vorkstaartmeeuw;Vaak;Vaak;;;;
Black-headed Gull;Gull/Tern;Sternen/Meeuwen;Chroicocephalus ridibundus;Kokmeeuw;Vaak;Vaak;;;;Zeldzaam/Dwaalgast 
Gray-hooded Gull;Gull/Tern;Sternen/Meeuwen;Chroicocephalus cirrocephalus;Grijskopmeeuw;Soms;Soms;Soms;Soms;Soms;
Hartlaub's Gull;Gull/Tern;Sternen/Meeuwen;Chroicocephalus hartlaubii;Hartlaubs Meeuw;Vaak;Vaak;;;;
Franklin's Gull;Gull/Tern;Sternen/Meeuwen;Leucophaeus pipixcan;Franklins Meeuw;;;;;;Zeldzaam/Dwaalgast 
Kelp Gull;Gull/Tern;Sternen/Meeuwen;Larus dominicanus;Kelpmeeuw;Vaak;Vaak;;;;
Lesser Black-backed Gull;Gull/Tern;Sternen/Meeuwen;Larus fuscus;Kleine Mantelmeeuw;;;;Zelden;Zelden;Zeldzaam/Dwaalgast 
Yellow-legged Gull;Gull/Tern;Sternen/Meeuwen;Larus michahellis;Geelpootmeeuw;;;;;;Zeldzaam/Dwaalgast 
Sooty Tern;Gull/Tern;Sternen/Meeuwen;Onychoprion fuscatus;Bonte Stern;;;;;;Zeldzaam/Dwaalgast 
Little Tern;Gull/Tern;Sternen/Meeuwen;Sternula albifrons;Dwergstern;Soms;Soms;;;;Zeldzaam/Dwaalgast 
Damara Tern;Gull/Tern;Sternen/Meeuwen;Sternula balaenarum;Damarastern;Zelden;Zelden;;;;Kwetsbaar
Gull-billed Tern;Gull/Tern;Sternen/Meeuwen;Gelochelidon nilotica;Lachstern;;;;;;Zeldzaam/Dwaalgast 
Caspian Tern;Gull/Tern;Sternen/Meeuwen;Hydroprogne caspia;Reuzenstern;Soms;Soms;;;;
Whiskered Tern;Gull/Tern;Sternen/Meeuwen;Chlidonias hybrida;Witwangstern;;Soms;Soms;Soms;Soms;
White-winged Tern;Gull/Tern;Sternen/Meeuwen;Chlidonias leucopterus;Witvleugelstern;Vaak;Vaak;Vaak;Vaak;Vaak;
Black Tern;Gull/Tern;Sternen/Meeuwen;Chlidonias niger;Zwarte Stern;Soms;Soms;;;;
Common Tern;Gull/Tern;Sternen/Meeuwen;Sterna hirundo;Visdief;Vaak;Vaak;;;;
Arctic Tern;Gull/Tern;Sternen/Meeuwen;Sterna paradisaea;Noordse Stern;Soms;Soms;;;;
Antarctic Tern;Gull/Tern;Sternen/Meeuwen;Sterna vittata;Zuidpoolstern;;;;;;Zeldzaam/Dwaalgast 
Elegant Tern;Gull/Tern;Sternen/Meeuwen;Thalasseus elegans;Sierlijke Stern;;;;;;Bijna uitgestorven
Sandwich Tern;Gull/Tern;Sternen/Meeuwen;Thalasseus sandvicensis;Grote Stern;Vaak;Vaak;;;;
Royal Tern;Gull/Tern;Sternen/Meeuwen;Thalasseus maximus;Koningsstern;;;;;;
Greater Crested Tern;Gull/Tern;Sternen/Meeuwen;Thalasseus bergii;Grote Kuifstern;Vaak;Vaak;;;;
Secretary-bird;Secretary-bird;Secretarisvogel;Sagittarius serpentarius;Secretarisvogel;Soms;Soms;Soms;Soms;Soms;Kwetsbaar
Osprey;Osprey;Roofvogels;Pandion haliaetus;Visarend;;Zelden;;Zelden;Zelden;
Black-winged Kite;Vultures/Eagles/Hawks;Roofvogels;Elanus caeruleus;Grijze Wouw;Vaak;Vaak;Vaak;Vaak;Vaak;
European Honey Buzzard;Vultures/Eagles/Hawks;Roofvogels;Pernis apivorus;Wespendief;;;;Zelden;Zelden;
African Cuckoo Hawk;Vultures/Eagles/Hawks;Roofvogels;Aviceda cuculoides;Afrikaanse Koekoekswouw;;;;Zelden;Zelden;
African Harrier Hawk;Vultures/Eagles/Hawks;Roofvogels;Polyboroides typus;Kaalkopkiekendief;;Soms;Soms;Soms;Soms;
Palm-nut Vulture;Vultures/Eagles/Hawks;Roofvogels;Gypohierax angolensis;Palmgier;;;;Zelden;Zelden;Zeldzaam/Dwaalgast 
Egyptian Vulture;Vultures/Eagles/Hawks;Roofvogels;Neophron percnopterus;Aasgier;;;Zelden;;;In gevaar
Bateleur;Vultures/Eagles/Hawks;Roofvogels;Terathopius ecaudatus;Bateleur;;;Zelden;Zelden;Zelden;Bijna uitgestorven
Black-chested Snake Eagle;Vultures/Eagles/Hawks;Roofvogels;Circaetus pectoralis;Zwartborstslangenarend;Soms;Soms;Soms;Soms;Soms;
Brown Snake Eagle;Vultures/Eagles/Hawks;Roofvogels;Circaetus cinereus;Bruine Slangenarend;;;Soms;Soms;Soms;
Western Banded Snake Eagle;Vultures/Eagles/Hawks;Roofvogels;Circaetus cinerascens;Kleine Grijze Slangenarend;;;;Zelden;Zelden;
White-headed Vulture;Vultures/Eagles/Hawks;Roofvogels;Trigonoceps occipitalis;Witkopgier;;;Zelden;Zelden;Zelden;In kritiek gevaar
Hooded Vulture;Vultures/Eagles/Hawks;Roofvogels;Necrosyrtes monachus;Kapgier;;;Zelden;Zelden;Zelden;In kritiek gevaar
White-backed Vulture;Vultures/Eagles/Hawks;Roofvogels;Gyps africanus;Witruggier;;;Soms;Soms;Soms;In kritiek gevaar
Cape Vulture;Vultures/Eagles/Hawks;Roofvogels;Gyps coprotheres;Kaapse Gier;;Zelden;Zelden;;;In gevaar
Lappet-faced Vulture;Vultures/Eagles/Hawks;Roofvogels;Torgos tracheliotos;Oorgier;Zelden;Zelden;Zelden;Zelden;Zelden;In gevaar
Bat Hawk;Vultures/Eagles/Hawks;Roofvogels;Macheiramphus alcinus;Vleermuiswouw;;;;;Zelden;
Crowned Eagle;Vultures/Eagles/Hawks;Roofvogels;Stephanoaetus coronatus;Kroonarend;;;;;;Bijna uitgestorven
Martial Eagle;Vultures/Eagles/Hawks;Roofvogels;Polemaetus bellicosus;Vechtarend;Zelden;Zelden;Zelden;Zelden;Zelden;Kwetsbaar
Long-crested Eagle;Vultures/Eagles/Hawks;Roofvogels;Lophaetus occipitalis;Afrikaanse Zwarte Kuifarend;;;;Soms;Soms;
Lesser Spotted Eagle;Vultures/Eagles/Hawks;Roofvogels;Clanga pomarina;Schreeuwarend;;;Zelden;Zelden;Zelden;
Tawny Eagle;Vultures/Eagles/Hawks;Roofvogels;Aquila rapax;Savannearend;Soms;Soms;Soms;Soms;Soms;
Steppe Eagle;Vultures/Eagles/Hawks;Roofvogels;Aquila nipalensis;Steppearend;;;Zelden;Zelden;Zelden;In gevaar
Verreaux's Eagle;Vultures/Eagles/Hawks;Roofvogels;Aquila verreauxii;Zwarte Arend;Soms;Soms;Soms;;;
African Hawk Eagle;Vultures/Eagles/Hawks;Roofvogels;Aquila spilogaster;Afrikaanse Havikarend;;;Zelden;Zelden;Zelden;
Wahlberg's Eagle;Vultures/Eagles/Hawks;Roofvogels;Hieraaetus wahlbergi;Wahlbergs Arend;;;Soms;Soms;Soms;
Booted Eagle;Vultures/Eagles/Hawks;Roofvogels;Hieraaetus pennatus;Dwergarend;Zelden;Zelden;Zelden;Zelden;Zelden;
Ayres's Eagle;Vultures/Eagles/Hawks;Roofvogels;Hieraaetus ayresii;Ayres' Havikarend;;;;Zelden;Zelden;
Lizard Buzzard;Vultures/Eagles/Hawks;Roofvogels;Kaupifalco monogrammicus;Hagedisbuizerd;;;;Soms;Soms;
Dark Chanting Goshawk;Vultures/Eagles/Hawks;Roofvogels;Melierax metabates;Donkere Zanghavik;;;;Soms;Soms;
Pale Chanting Goshawk;Vultures/Eagles/Hawks;Roofvogels;Melierax canorus;Zanghavik;Vaak;Vaak;Vaak;;Vaak;
Gabar Goshawk;Vultures/Eagles/Hawks;Roofvogels;Micronisus gabar;Gabarhavik;Soms;Soms;Soms;Soms;Soms;
Western Marsh Harrier;Vultures/Eagles/Hawks;Roofvogels;Circus aeruginosus;Bruine Kiekendief;;;;;;Zeldzaam/Dwaalgast 
African Marsh Harrier;Vultures/Eagles/Hawks;Roofvogels;Circus ranivorus;Afrikaanse Bruine Kiekendief;;;;Soms;Soms;
Black Harrier;Vultures/Eagles/Hawks;Roofvogels;Circus maurus;Zwarte Kiekendief;Zelden;;;;;In gevaar
Pallid Harrier;Vultures/Eagles/Hawks;Roofvogels;Circus macrourus;Steppekiekendief;;;;Zelden;Zelden;Bijna uitgestorven
Montagu's Harrier;Vultures/Eagles/Hawks;Roofvogels;Circus pygargus;Grauwe Kiekendief;;;;Zelden;Zelden;
African Goshawk;Vultures/Eagles/Hawks;Roofvogels;Accipiter tachiro;Afrikaanse Havik;;;;Vaak;Vaak;
Shikra;Vultures/Eagles/Hawks;Roofvogels;Accipiter badius;Shikra;;;Soms;Soms;Soms;
Little Sparrowhawk;Vultures/Eagles/Hawks;Roofvogels;Accipiter minullus;Oost-Afrikaanse Dwergsperwer;;;Soms;Soms;Soms;
Ovambo Sparrowhawk;Vultures/Eagles/Hawks;Roofvogels;Accipiter ovampensis;Ovambosperwer;;;;Soms;Soms;
Black Sparrowhawk;Vultures/Eagles/Hawks;Roofvogels;Accipiter melanoleucus;Zwarte Havik;;;;Soms;Soms;
African Fish Eagle;Vultures/Eagles/Hawks;Roofvogels;Haliaeetus vocifer;Afrikaanse Zeearend;;;Soms;Soms;Soms;
Black Kite;Vultures/Eagles/Hawks;Roofvogels;Milvus migrans;Zwarte Wouw;;Vaak;Vaak;Vaak;Vaak;
Red-necked Buzzard;Vultures/Eagles/Hawks;Roofvogels;Buteo auguralis;Afrikaanse Roodstaartbuizerd;;;;;;Zeldzaam/Dwaalgast 
Augur Buzzard;Vultures/Eagles/Hawks;Roofvogels;Buteo augur;Augurbuizerd;;Soms;Soms;;;
Yellowbilled Kite;Vultures/Eagles/Hawks;Roofvogels;;Geelsnavelwouw;Vaak;Vaak;Vaak;Vaak;Vaak;
Jackal Buzzard;Vultures/Eagles/Hawks;Roofvogels;Buteo rufofuscus;Jakhalsbuizerd;Soms;Soms;;;;
Eurasian Buzzard;Vultures/Eagles/Hawks;Roofvogels;Buteo buteo;Buizerd;;;;;;
Steppe Buzzard;Vultures/Eagles/Hawks;Roofvogels;Buteo Vulpinus;Steppebuizerd;Vaak;Vaak;Vaak;Vaak;Vaak;
Common Barn Owl;Owl;Uilen;Tyto alba;Kerkuil;Vaak;Vaak;Vaak;Vaak;Vaak;
Pearl-spotted Owlet;Owl;Uilen;Glaucidium perlatum;Geparelde Dwerguil;;Vaak;Vaak;Vaak;Vaak;
African Barred Owlet;Owl;Uilen;Glaucidium capense;Kaapse Dwerguil;;;Soms;Soms;Soms;
Eurasian Scops Owl;Owl;Uilen;Otus scops;Dwergooruil;;;;;;
African Scops Owl;Owl;Uilen;Otus senegalensis;Afrikaanse Dwergooruil;;Vaak;Vaak;Vaak;Vaak;
Southern White-faced Owl;Owl;Uilen;Ptilopsis granti;Zuidelijke Witwangdwergooruil;Vaak;Vaak;Vaak;Vaak;Vaak;
Marsh Owl;Owl;Uilen;Asio capensis;Afrikaanse Velduil;;;Vaak;Vaak;Vaak;
African Wood Owl;Owl;Uilen;Strix woodfordii;Afrikaanse Bosuil;;;;Soms;Soms;
Cape Eagle Owl;Owl;Uilen;Bubo capensis;Kaapse Oehoe;Zelden;;;;;
Spotted Eagle Owl;Owl;Uilen;Bubo africanus;Afrikaanse Oehoe;Soms;Soms;Soms;Soms;Soms;
Verreaux's Eagle Owl;Owl;Uilen;Bubo lacteus;Verreaux' Oehoe;;;Soms;Soms;Soms;
Pel's Fishing Owl;Owl;Uilen;Scotopelia peli;Pels Visuil;;;;Zelden;Zelden;
White-backed Mousebird;Mousebird;Muisvogels;Colius colius;Witstuitmuisvogel;Vaak;Vaak;Vaak;;;
Red-faced Mousebird;Mousebird;Muisvogels;Urocolius indicus;Roodwangmuisvogel;Soms;Soms;Soms;Soms;Soms;
Narina's Trogon;Trogon;Narinatrogon;Apaloderma narina;Narinatrogon;;;;;Soms;
Southern Ground Hornbill;Hornbill;Raven/Tokken;Bucorvus leadbeateri;Zuidelijke Hoornraaf;;;;Soms;Soms;Kwetsbaar
Crowned Hornbill;Hornbill;Raven/Tokken;Tockus alboterminatus;Kuiftok;;;;;Vaak;
Bradfield's Hornbill;Hornbill;Raven/Tokken;Tockus bradfieldi;Bradfields Tok;;;Soms;Soms;Soms;
African Grey Hornbill;Hornbill;Raven/Tokken;Tockus nasutus;Grijze Tok;;Vaak;Vaak;Vaak;Vaak;
Monteiro's Hornbill;Hornbill;Raven/Tokken;Tockus monteiri;Monteiro's Tok;;Vaak;Vaak;;;
Red-billed Hornbill;Hornbill;Raven/Tokken;Tockus erythrorhynchus;Roodsnaveltok;;;Vaak;Vaak;Vaak;
Damara Hornbill;Hornbill;Raven/Tokken;Tockus damarensis;Damaratok;;;;;;Endemisch
Southern Yellow-billed Hornbill;Hornbill;Raven/Tokken;Tockus leucomelas;Zuidelijke Geelsnaveltok;;Vaak;Vaak;Vaak;Vaak;
Trumpeter Hornbill;Hornbill;Raven/Tokken;Bycanistes bucinator;Trompetneushoornvogel;;;;;Soms;
Common Hoopoe;Hoopoe;Hoppen;Upupa epops;Hop;Vaak;Vaak;Vaak;Vaak;Vaak;
Green Wood-hoopoe;Hoopoe;Kakelaars;Phoeniculus purpureus;Groene Kakelaar;;;Vaak;Vaak;Vaak;
Violet Wood-hoopoe;Hoopoe;Kakelaars;Phoeniculus damarensis;Damara-kakelaar;;;Vaak;;;
Common Scimitarbill;Hoopoe;Kakelaars;Rhinopomastus cyanomelas;Zuid-Afrikaanse Boomhop;Vaak;Vaak;Vaak;Vaak;Vaak;
Green-backed Honeybird;Honeybird;Honingspeurders;Prodotiscus zambesiae;Grijze Honingspeurder;;;;Soms;Soms;
Wahlberg's Honeybird;Honeybird;Honingspeurders;Prodotiscus regulus;Bruinrughoningspeurder;;;;Soms;Soms;
Lesser Honeyguide;Honeybird;Honingspeurders;Indicator minor;Kleine Honingspeurder;;;Vaak;Vaak;Vaak;
Greater Honeyguide;Honeybird;Honingspeurders;Indicator indicator;Grote Honingspeurder;;;;Soms;Soms;
Bennett's Woodpecker;Woodpeckers;Spechten;Campethera bennettii;Bennett-specht;;;Soms;Soms;Soms;
Golden-tailed Woodpecker;Woodpeckers;Spechten;Campethera abingoni;Goudstaartspecht;;;Vaak;Vaak;Vaak;
Cardinal Woodpecker;Woodpeckers;Spechten;Dendropicos fuscescens;Kardinaalspecht;Vaak;Vaak;Vaak;Vaak;Vaak;
Bearded Woodpecker;Woodpeckers;Spechten;Chloropicus namaquus;Baardspecht;;Soms;Soms;Soms;Soms;
Olive Woodpecker;Woodpeckers;Spechten;Mesopicos griseocephalus;Olijfspecht;;;;;Soms;
Crested Barbet;Barbet;Baardvogels;Trachyphonus vaillantii;Kuifbaardvogel;;;;Vaak;Vaak;
Yellow-fronted Tinkerbird;Barbet;Baardvogels;Pogoniulus chrysoconus;Geelvoorhoofdketellapper;;;Vaak;Vaak;Vaak;
Acacia Pied Barbet;Barbet;Baardvogels;Tricholaema leucomelas;Kaapse Baardvogel;Vaak;Vaak;Vaak;Vaak;Vaak;
Black-collared Barbet;Barbet;Baardvogels;Lybius torquatus;Zwarthalsbaardvogel;;;Vaak;Vaak;Vaak;
White-fronted Bee-eater;Bee-eater;Bijeneters;Merops bullockoides;Witkapbijeneter;;;;Vaak;Vaak;
Southern Carmine Bee-eater;Bee-eater;Bijeneters;Merops nubicoides;Zuidelijke Karmijnrode Bijeneter;;;;Vaak;Vaak;
Olive Bee-eater;Bee-eater;Bijeneters;Merops superciliosus;Madagaskarbijeneter;;;;;Zelden;
Blue-cheeked Bee-eater;Bee-eater;Bijeneters;Merops persicus;Groene Bijeneter;;;Soms;Soms;Soms;
European Bee-eater;Bee-eater;Bijeneters;Merops apiaster;Bijeneter;;;Vaak;Vaak;Vaak;
Swallow-tailed Bee-eater;Bee-eater;Bijeneters;Merops hirundineus;Zwaluwstaartbijeneter;Vaak;Vaak;Vaak;Vaak;Vaak;
Little Bee-eater;Bee-eater;Bijeneters;Merops pusillus;Dwergbijeneter;;;;Vaak;Vaak;
Rufous-crowned Roller;Roller;Scharrelaars;Coracias naevius;Roodkruinscharrelaar;;;Soms;Soms;Soms;
Racquet-tailed Roller;Roller;Scharrelaars;Coracias spatulatus;Vlagstaartscharrelaar;;;;Zelden;Zelden;
Lilac-breasted Roller;Roller;Scharrelaars;Coracias caudatus;Vorkstaartscharrelaar;;;Vaak;Vaak;Vaak;
European Roller;Roller;Scharrelaars;Coracias garrulus;Scharrelaar;;;Vaak;Vaak;Vaak;
Broad-billed Roller;Roller;Scharrelaars;Eurystomus glaucurus;Breedbekscharrelaar;;;;Soms;Soms;
African Pygmy Kingfisher;Kingfisher;Ijsvogels;Ispidina picta;Afrikaanse Dwergijsvogel;;;;;Vaak;
African Malachite Kingfisher;Kingfisher;Ijsvogels;Corythornis cristatus;Malachietijsvogel;;;;Vaak;Vaak;
Half-collared Kingfisher;Kingfisher;Ijsvogels;Alcedo semitorquata;Kobaltijsvogel;;;;Zelden;Zelden;
Giant Kingfisher;Kingfisher;Ijsvogels;Megaceryle maxima;Afrikaanse Reuzenijsvogel;;;;Vaak;Vaak;
Pied Kingfisher;Kingfisher;Ijsvogels;Ceryle rudis;Bonte IJsvogel;Vaak;Vaak;Vaak;Vaak;Vaak;
Grey-headed Kingfisher;Kingfisher;Ijsvogels;Halcyon leucocephala;Grijskopijsvogel;;;Zelden;Zelden;Zelden;
Brown-hooded Kingfisher;Kingfisher;Ijsvogels;Halcyon albiventris;Bruinkapijsvogel;;;;Soms;Soms;
Striped Kingfisher;Kingfisher;Ijsvogels;Halcyon chelicuti;Gestreepte IJsvogel;;;Vaak;Vaak;Vaak;
Woodland Kingfisher;Kingfisher;Ijsvogels;Halcyon senegalensis;Senegalijsvogel;;;Vaak;Vaak;Vaak;
African Pygmy Falcon;Falcon;Valken;Polihierax semitorquatus;Afrikaanse Dwergvalk;;Zelden;Zelden;;;
Lesser Kestrel;Falcon;Valken;Falco naumanni;Kleine Torenvalk;;;Vaak;Vaak;Vaak;
Common Kestrel;Falcon;Valken;Falco tinnunculus;Torenvalk;Vaak;Vaak;Vaak;Vaak;Vaak;
Greater Kestrel;Falcon;Valken;Falco rupicoloides;Grote Torenvalk;Soms;Soms;Soms;Soms;Soms;
Grey Kestrel;Falcon;Valken;Falco ardosiaceus;Grijze Torenvalk;;;;;;
Dickinson's Kestrel;Falcon;Valken;Falco dickinsoni;Dickinsons Torenvalk;;;;Zelden;Zelden;
Red-necked Falcon;Falcon;Valken;Falco chicquera;Roodkopsmelleken;Zelden;Zelden;Zelden;Zelden;Zelden;
Red-footed Falcon;Falcon;Valken;Falco vespertinus;Roodpootvalk;;Soms;Soms;Soms;Zelden;Bijna uitgestorven
Amur Falcon;Falcon;Valken;Falco amurensis;Amoerroodpootvalk;;;;;;
Sooty Falcon;Falcon;Valken;Falco concolor;Woestijnvalk;;;;;;Kwetsbaar
Eurasian Hobby;Falcon;Valken;Falco subbuteo;Boomvalk;;Zelden;Zelden;Zelden;Zelden;
African Hobby;Falcon;Valken;Falco cuvierii;Afrikaanse Boomvalk;;;;Zelden;Zelden;
Lanner Falcon;Falcon;Valken;Falco biarmicus;Lannervalk;Soms;Soms;Soms;Soms;Soms;
Peregrine Falcon;Falcon;Valken;Falco peregrinus;Slechtvalk;Zelden;Zelden;Zelden;Zelden;Zelden;
Brown-necked Parrot;Parrot;Papegaaien;Poicephalus robustus;Kaapse Papegaai;;;;Zelden;Zelden;
Brown Parrot;Parrot;Papegaaien;Poicephalus meyeri;Meyers Papegaai;;;Soms;Soms;Soms;
Rüppell's Parrot;Parrot;Papegaaien;Poicephalus rueppellii;Rüppells Papegaai;;Zelden;Zelden;;;
Rosy-faced Lovebird;Lovebird;Agapornissen;Agapornis roseicollis;Perzikkopagapornis;Vaak;Vaak;Vaak;;;
Black-cheeked Lovebird;Lovebird;Agapornissen;Agapornis nigrigenis;Zwartwangagapornis;;;;;;Kwetsbaar
African Pitta;Pitta;Pittas;Pitta angolensis;Angola-pitta;;;;;;Zeldzaam/Dwaalgast 
African Broadbill;Broadbill;Breedbekken;Smithornis capensis;Kaapse Breedbek;;;;;Zelden;
White-breasted Cuckooshrike;Cuckooshrike;Rupsvogels;Ceblepyris pectoralis;Witborstrupsvogel;;;;;;
Black Cuckooshrike;Cuckooshrike;Rupsvogels;Campephaga flava;Kaapse Rupsvogel;;;Soms;Soms;Soms;
Eastern Black-headed Oriole;Oriole;Wielewalen;Oriolus larvatus;Maskerwielewaal;;;Soms;Zelden;Zelden;
Eurasian Golden Oriole;Oriole;Wielewalen;Oriolus oriolus;Wielewaal;;Soms;Soms;Soms;Soms;
African Golden Oriole;Oriole;Wielewalen;Oriolus auratus;Afrikaanse Wielewaal;;;;Zelden;Zelden;
White-tailed Shrike;Batis;Vliegenvangers;Lanioturdus torquatus;Tapuitklauwier;Vaak;Vaak;;;;
Chinspot Batis;Batis;Vliegenvangers;Batis molitor;Witflankvliegenvanger;;;;;;
Pririt Batis;Batis;Vliegenvangers;Batis pririt;Priritvliegenvanger;Vaak;Vaak;Vaak;Vaak;;
White-crested Helmet-shrike;Shrike;Klauwieren;Prionops plumatus;Helmklauwier;;;Vaak;Vaak;Vaak;
Retz's Helmet-shrike;Shrike;Klauwieren;Prionops retzii;Retz' Klauwier;;;;Soms;Soms;
Grey-headed Bush-shrike;Shrike/Tchagra/Boubou;Klauwieren;Malaconotus blanchoti;Spookklauwier;;;;;Soms;
Black-backed Puffback;Shrike/Tchagra/Boubou;Klauwieren;Dryoscopus cubla;Poederdonsklauwier;;;Vaak;Vaak;Vaak;
Brown-crowned Tchagra;Shrike/Tchagra/Boubou;Klauwieren;Tchagra australis;Bruinkoptsjagra;;;Vaak;Vaak;Vaak;
Black-crowned Tchagra;Shrike/Tchagra/Boubou;Klauwieren;Tchagra senegalus;Zwartkruintsjagra;;;Vaak;Vaak;Vaak;
Brubru;Shrike/Tchagra/Boubou;Klauwieren;Nilaus afer;Broebroe;Vaak;Vaak;Vaak;Vaak;Vaak;
Orange-breasted Bush-shrike;Shrike/Tchagra/Boubou;Klauwieren;Chlorophoneus sulfureopectus;Oranje Bosklauwier;;;Vaak;Vaak;Vaak;
Tropical Boubou;Shrike/Tchagra/Boubou;Klauwieren;Laniarius aethiopicus;Ethiopische Fiskaal;;;;;Vaak;
Swamp Boubou;Shrike/Tchagra/Boubou;Klauwieren;Laniarius bicolor;Moerasfiskaal;;;Soms;Soms;Soms;
Crimson-breasted Gonolek;Shrike/Tchagra/Boubou;Klauwieren;Laniarius atrococcineus;Burchells Fiskaal;Vaak;Vaak;Vaak;Vaak;Vaak;
Bokmakierie;Shrike/Tchagra/Boubou;Klauwieren;Telophorus zeylonus;Bokmakierieklauwier;Vaak;Vaak;;;;
Fork-tailed Drongo;Drongo;Treurdongos;Dicrurus adsimilis;Treurdrongo;Vaak;Vaak;Vaak;Vaak;Vaak;
Magpie Shrike;Shrike;Klauwieren;Urolestes melanoleucus;Eksterklauwier;;;Soms;Soms;Soms;
White-crowned Shrike;Shrike;Klauwieren;Eurocephalus anguitimens;Witkruinklauwier;;;Vaak;Vaak;Vaak;
Souza's Shrike;Shrike;Klauwieren;Lanius souzae;Souza's Klauwier;;;;Soms;Soms;
Red-backed Shrike;Shrike;Klauwieren;Lanius collurio;Grauwe Klauwier;Vaak;Vaak;Vaak;Vaak;Vaak;
Lesser Grey Shrike;Shrike;Klauwieren;Lanius minor;Kleine Klapekster;;;Vaak;Vaak;Vaak;
Southern Fiscal;Shrike;Klauwieren;Lanius collaris;Zuidelijke Gekraagde Klauwier;Vaak;Vaak;Vaak;Vaak;Vaak;
Northern Fiscal;Shrike;Klauwieren;Lanius humeralis;Noordelijke Gekraagde Klauwier;;;;;;
Cape Crow;Crow;Raven;Corvus capensis;Kaapse Roek;Vaak;Vaak;Vaak;;;
Pied Crow;Crow;Raven;Corvus albus;Schildraaf;Vaak;Vaak;Vaak;Vaak;Vaak;
House Crow;Crow;Raven;Corvus splendens;Huiskraai;;;;;;Zeldzaam/Dwaalgast 
African Paradise-flycatcher;Flycatcher;Paradijsmonarchen;Terpsiphone viridis;Afrikaanse Paradijsmonarch;;;Vaak;Vaak;Vaak;
Collared Sunbird;Sunbird;Honingzuigers;Hedydipna collaris;Halsbandhoningzuiger;;;;Vaak;Vaak;
Amethyst Sunbird;Sunbird;Honingzuigers;Chalcomitra amethystina;Amethisthoningzuiger;;;;Vaak;Vaak;
Scarlet-chested Sunbird;Sunbird;Honingzuigers;Chalcomitra senegalensis;Roodborsthoningzuiger;;;Vaak;Vaak;Vaak;
Malachite Sunbird;Sunbird;Honingzuigers;Nectarinia famosa;Emeraldhoningzuiger;;;;;;
Southern Double-collared Sunbird;Sunbird;Honingzuigers;Cinnyris chalybeus;Kleine Kraaghoningzuiger;;;;;;
Mariqua Sunbird;Sunbird;Honingzuigers;Cinnyris mariquensis;Maricohoningzuiger;;;Vaak;Vaak;Vaak;
Shelley's Sunbird;Sunbird;Honingzuigers;Cinnyris shelleyi;Shelley-honingzuiger;;;;;;
Purple-banded Sunbird;Sunbird;Honingzuigers;Cinnyris bifasciatus;Gewone Purperbandhoningzuiger;;;;;Soms;
White-bellied Sunbird;Sunbird;Honingzuigers;Cinnyris talatala;Witbuikhoningzuiger;;;Vaak;Vaak;Vaak;
Dusky Sunbird;Sunbird;Honingzuigers;Cinnyris fuscus;Roethoningzuiger;Vaak;Vaak;Vaak;;;
Copper Sunbird;Sunbird;Honingzuigers;Cinnyris cupreus;Koperhoningzuiger;;;;Vaak;Vaak;
Red-billed Buffalo Weaver;Weaver;Wevers;Bubalornis niger;Roodsnavelbuffelwever;;;Soms;Soms;Soms;
White-browed Sparrow Weaver;Weaver;Wevers;Plocepasser mahali;Mahaliwever;;Vaak;Vaak;Vaak;Vaak;
Scaly-fronted Weaver;Weaver;Wevers;Sporopipes squamifrons;Baardmanwever;Vaak;Vaak;Vaak;;;
Sociable Weaver;Weaver;Wevers;Philetairus socius;Republikeinwever;Vaak;Vaak;Vaak;;;
Grosbeak Weaver;Weaver;Wevers;Amblyospiza albifrons;Dikbekwever;;;;Vaak;Vaak;
Cardinal Quelea;Weaver;Wevers;Quelea cardinalis;Kardinaalwever;;;;;;Zeldzaam/Dwaalgast 
Red-headed Quelea;Weaver;Wevers;Quelea erythrops;Roodkopwever;;;;;;Zeldzaam/Dwaalgast 
Red-billed Quelea;Weaver;Wevers;Quelea quelea;Roodbekwever;;Soms;Soms;Soms;Soms;
Yellow-crowned Bishop;Weaver;Wevers;Euplectes afer;Napoleonwever;;;Soms;Soms;Soms;
Southern Red Bishop;Weaver;Wevers;Euplectes orix;Grenadierwever;Vaak;Vaak;Vaak;Vaak;Vaak;
Fan-tailed Widowbird;Weaver;Wevers;Euplectes axillaris;Roodschouderwidavink;;;;Soms;Soms;
White-winged Widowbird;Weaver;Wevers;Euplectes albonotatus;Spiegelwidavink;;;;Vaak;Vaak;
Spectacled Weaver;Weaver;Wevers;Ploceus ocularis;Brilwever;;;;Soms;Soms;
Cape Weaver;Weaver;Wevers;Ploceus capensis;Kaapse Wever;;;;;;
Holub's Weaver;Weaver;Wevers;Ploceus xanthops;Saffraanwever;;;;Zelden;Zelden;
Southern Brown-throated Weaver;Weaver;Wevers;Ploceus xanthopterus;Bruinkeelwever;;;;;Zelden;
Lesser Masked Weaver;Weaver;Wevers;Ploceus intermedius;Kleine Textorwever;;;Soms;Soms;Soms;
Southern Masked Weaver;Weaver;Wevers;Ploceus velatus;Maskerwever;Vaak;Vaak;Vaak;Vaak;Vaak;
Village Weaver;Weaver;Wevers;Ploceus cucullatus;Grote Textorwever;;;;Soms;Soms;
Chestnut Weaver;Weaver;Wevers;Ploceus rubiginosus;Kastanjewever;;Soms;Soms;;;
Red-headed Weaver;Weaver;Wevers;Anaplectes rubriceps;Scharlaken Wever;;;Soms;Soms;Soms;
Brown Firefinch;Firefinch/Waxbill;Astrilden;Lagonosticta nitidula;Bruine Amarant;;;;Soms;Soms;
Red-billed Firefinch;Firefinch/Waxbill;Astrilden;Lagonosticta senegala;Vuurvinkje;;;Vaak;Vaak;Vaak;
Jameson's Firefinch;Firefinch/Waxbill;Astrilden;Lagonosticta rhodopareia;Roze Amarant;;;;Vaak;Vaak;
Orange-winged Pytilia;Firefinch/Waxbill;Astrilden;Pytilia afra;Wenerastrild;;;;;;
Green-winged Pytilia;Firefinch/Waxbill;Astrilden;Pytilia melba;Melba-astrild;;;Soms;Soms;Soms;
Violet-eared Waxbill;Firefinch/Waxbill;Astrilden;Granatina granatina;Granaatastrild;;Vaak;Vaak;Vaak;Vaak;
Blue-breasted Cordon-bleu;Firefinch/Waxbill;Astrilden;Uraeginthus angolensis;Angolees Blauwfazantje;;;Vaak;Vaak;Vaak;
Cinderella Waxbill;Firefinch/Waxbill;Astrilden;Estrilda thomensis;Cinderella-astrild;;;;;;
Common Waxbill;Firefinch/Waxbill;Astrilden;Estrilda astrild;Sint-helenafazantje;Vaak;Vaak;Vaak;Vaak;Vaak;
Black-faced Waxbill;Firefinch/Waxbill;Astrilden;Estrilda erythronotos;Elfenastrild;;;Vaak;Vaak;Vaak;
Red-headed Finch;Firefinch/Waxbill;Astrilden;Amadina erythrocephala;Roodkopamadine;Vaak;Vaak;Vaak;;;
Cut-throat Finch;Firefinch/Waxbill;Astrilden;Amadina fasciata;Bandvink;;;;Soms;Soms;
African Quailfinch;Firefinch/Waxbill;Astrilden;Ortygospiza fuscocrissa;Brilastrild;;;Vaak;Vaak;Vaak;
Zebra Waxbill;Firefinch/Waxbill;Astrilden;Amandava subflava;Goudbuikje;;;;Soms;Soms;
Bronze Mannikin;Firefinch/Waxbill;Astrilden;Spermestes cucullata;Gewoon Ekstertje;;;;Vaak;Vaak;
Magpie Mannikin;Firefinch/Waxbill;Astrilden;Spermestes fringilloides;Reuzenekstertje;;;;Zelden;Zelden;Zeldzaam/Dwaalgast 
Pin-tailed Whydah;Whydah;Widas;Vidua macroura;Dominicanerwida;;;;Vaak;Vaak;
Eastern Paradise Whydah;Whydah;Widas;Vidua paradisaea;Smalstaartparadijswida;;;Vaak;Vaak;Vaak;
Broad-tailed Paradise Whydah;Whydah;Widas;Vidua obtusa;Breedstaartparadijswida;;;;Soms;Zelden;
Shaft-tailed Whydah;Whydah;Widas;Vidua regia;Koningswida;;;Vaak;Vaak;Vaak;
Village Indigobird;Whydah;Widas;Vidua chalybeata;Staalvink;;;;Vaak;Vaak;
Purple Indigobird;Whydah;Widas;Vidua purpurascens;Purperstaalvink;;;;Soms;Soms;
Parasitic Weaver;Whydah;Widas;Anomalospiza imberbis;Koekoekswever;;;;Zelden;Zelden;
House Sparrow;Sparrow;Mussen;Passer domesticus;Huismus;Vaak;Vaak;Vaak;Vaak;Vaak;Geïntroduceerde soort 
Rufous Sparrow;Sparrow;Mussen;Passer motitensis;Roestmus;;Soms;Soms;;;
Cape Sparrow;Sparrow;Mussen;Passer melanurus;Kaapse Mus;Vaak;Vaak;Vaak;;;
Northern Grey-headed Sparrow;Sparrow;Mussen;Passer griseus;Grijskopmus;;;;;;Zeldzaam/Dwaalgast 
Southern Grey-headed Sparrow;Sparrow;Mussen;Passer diffusus;Mozambiquemus;;Vaak;Vaak;Vaak;Vaak;
Yellow-throated Bush Sparrow;Sparrow;Mussen;Gymnoris superciliaris;Kaapse Rotsmus;;;;Soms;Soms;
Tree Pipit;Pipit/Wagtail;Piepers;Anthus trivialis;Boompieper;;;;Zelden;Zelden;Zeldzaam/Dwaalgast 
Red-throated Pipit;Pipit/Wagtail;Piepers;Anthus cervinus;Roodkeelpieper;;;;;;Zeldzaam/Dwaalgast 
Woodland Pipit;Pipit/Wagtail;Piepers;Anthus nyassae;Bospieper;;;;;;
Plain-backed Pipit;Pipit/Wagtail;Piepers;Anthus leucophrys;Bruinrugpieper;;;;Vaak;Vaak;
African Pipit;Pipit/Wagtail;Piepers;Anthus cinnamomeus;Kaneelpieper;;;Vaak;Vaak;Vaak;
Buffy Pipit;Pipit/Wagtail;Piepers;Anthus vaalensis;Vaalrivierpieper;;;Zelden;Zelden;Zelden;
Long-tailed Pipit;Pipit/Wagtail;Piepers;Anthus longicaudatus;Langstaartpieper;;;;;;
Kimberley Pipit;Pipit/Wagtail;Piepers;Anthus pseudosimilis;Kimberleypieper;;;;;;
Long-billed Pipit;Pipit/Wagtail;Piepers;Anthus similis;Langsnavelpieper;Soms;Soms;Soms;Soms;Soms;
Rosy-breasted Longclaw;Pipit/Wagtail;Piepers;Macronyx ameliae;Roodkeellangklauw;;;;Zelden;Zelden;
Cape Wagtail;Pipit/Wagtail;Piepers;Motacilla capensis;Kaapse Kwikstaart;Vaak;Vaak;Vaak;Vaak;Vaak;
Yellow Wagtail;Pipit/Wagtail;Piepers;Motacilla flava;Gele Kwikstaart;;Soms;Soms;Soms;Soms;
African Wagtail;Pipit/Wagtail;Piepers;Motacilla aguimp;Afrikaanse Bonte Kwikstaart;;;;Soms;Soms;
Grey Wagtail;Pipit/Wagtail;Piepers;Motacilla cinerea;Grote Gele Kwikstaart;;;;;;Zeldzaam/Dwaalgast 
Citrine Wagtail;Pipit/Wagtail;Piepers;Motacilla citreola;Citroenkwikstaart;;;;;;Zeldzaam/Dwaalgast 
Black-throated Canary;Canary;Kanaries;Crithagra atrogularis;Zwartkeelkanarie;;;Vaak;Vaak;Vaak;
Yellow-fronted Canary;Canary;Kanaries;Crithagra mozambica;Mozambiquesijs;;;;Vaak;Vaak;
Yellow Canary;Canary;Kanaries;Crithagra flaviventris;Geelbuikkanarie;Vaak;Vaak;Vaak;;;
White-throated Canary;Canary;Kanaries;Crithagra albogularis;Witkeelkanarie;Vaak;Vaak;Vaak;;;
Black-headed Canary;Canary;Kanaries;Serinus alario;Alariokanarie;Soms;Soms;;;;
Golden-breasted Bunting;Bunting;Gorsen;Fringillaria flaviventris;Acaciagors;;;Soms;Soms;Soms;
Cape Bunting;Bunting;Gorsen;Fringillaria capensis;Kaapse Gors;Soms;Soms;Soms;;;
Lark-like Bunting;Bunting;Gorsen;Fringillaria impetuani;Leeuwerikgors;Soms;Soms;Soms;;;
Cinnamon-breasted Bunting;Bunting;Gorsen;Fringillaria tahapisi;Zevenstrepengors;;;Vaak;;;
Ortolan Bunting;Bunting;Gorsen;Emberiza hortulana;Ortolaan;;;;;;Zeldzaam/Dwaalgast 
African Fairy-flycatcher;Flycatcher;Vliegenvangers;Stenostira scita;Elfvliegenvanger;;;;;;
Rufous-bellied Tit;Tit;Mezen;Melaniparus rufiventris;Roestbuikmees;;;Soms;Soms;;
Carp's Tit;Tit;Mezen;Melaniparus carpi;Carps Mees;;Vaak;Vaak;;;
Southern Black Tit;Tit;Mezen;Melaniparus niger;Roetmees;;;Vaak;Vaak;Vaak;
Grey Tit;Tit;Mezen;Melaniparus afer;Kaapse Mees;Vaak;;;;;
Ashy Tit;Tit;Mezen;Melaniparus cinerascens;Acaciamees;Vaak;Vaak;Vaak;;;
Grey Penduline Tit;Tit;Mezen;Anthoscopus caroli;Acaciakapokmees;;;Vaak;Vaak;Vaak;
Cape Penduline Tit;Tit;Mezen;Anthoscopus minutus;Kaapse Kapokmees;Soms;Soms;Soms;;;
Eastern Nicator;Nicator;Nicators;Nicator gularis;Bruinkopnicator;;;;Vaak;Vaak;
Spike-heeled Lark;Lark;Leeuwerikken;Chersomanes albofasciata;Sjirpleeuwerik;Vaak;Vaak;Vaak;;;
Gray's Lark;Lark;Leeuwerikken;Ammomanopsis grayi;Namibleeuwerik;;Zelden;;;;
Benguela Long-billed Lark;Lark;Leeuwerikken;Certhilauda benguelensis;Benguelalangsnavelleeuwerik;;;;;;
Karoo Long-billed Lark;Lark;Leeuwerikken;Certhilauda subcoronata;Karoolangsnavelleeuwerik;;;;;;
Cape Long-billed Lark;Lark;Leeuwerikken;Certhilauda curvirostris;Kaapse Langsnavelleeuwerik;;;;;;
Dusky Lark;Lark;Leeuwerikken;Pinarocorys nigricans;Lijsterleeuwerik;;;Zelden;Zelden;Zelden;
Black-eared Sparrow Lark;Lark;Leeuwerikken;Eremopterix australis;Kafferleeuwerik;;;;;;
Chestnut-backed Sparrow Lark;Lark;Leeuwerikken;Eremopterix leucotis;Bruinrugvinkleeuwerik;;;Soms;Soms;Soms;
Grey-backed Sparrow Lark;Lark;Leeuwerikken;Eremopterix verticalis;Grijsrugvinkleeuwerik;Soms;Soms;Soms;;;
Sabota Lark;Lark;Leeuwerikken;Calendulauda sabota;Sabotaleeuwerik;Vaak;Vaak;Vaak;Vaak;;
Fawn-coloured Lark;Lark;Leeuwerikken;Calendulauda africanoides;Savanne-leeuwerik;;;Vaak;Vaak;Vaak;
Red Lark;Lark;Leeuwerikken;Calendulauda burra;Rode Leeuwerik;;;;;;Kwetsbaar
Dune Lark;Lark;Leeuwerikken;Calendulauda erythrochlamys;Roodrugleeuwerik;;Zelden;;;;Endemisch
Barlow's Lark;Lark;Leeuwerikken;Calendulauda barlowi;Barlows Leeuwerik;;;;;;
Cape Clapper Lark;Lark;Leeuwerikken;Mirafra apiata;Klapperleeuwerik;Vaak;Vaak;Vaak;;;
Eastern Clapper Lark;Lark;Leeuwerikken;Mirafra fasciolata;Oostelijke Klapperleeuwerik;;;;;;
Rufous-naped Lark;Lark;Leeuwerikken;Mirafra africana;Roodnekleeuwerik;;;Vaak;Vaak;Vaak;
Flappet Lark;Lark;Leeuwerikken;Mirafra rufocinnamomea;Ratelleeuwerik;;;Vaak;Vaak;Vaak;
Monotonous Lark;Lark;Leeuwerikken;Mirafra passerina;Musleeuwerik;;Vaak;Vaak;Vaak;Vaak;
Red-capped Lark;Lark;Leeuwerikken;Calandrella cinerea;Roodkapleeuwerik;Vaak;Vaak;Vaak;Vaak;Vaak;
Sclater's Lark;Lark;Leeuwerikken;Spizocorys sclateri;Namaqualeeuwerik;;;;;;Bijna uitgestorven
Stark's Lark;Lark;Leeuwerikken;Spizocorys starki;Starks Leeuwerik;Soms;Soms;Soms;;;
Pink-billed Lark;Lark;Leeuwerikken;Spizocorys conirostris;Roodsnavelleeuwerik;;;Soms;;;
Large-billed Lark;Lark;Leeuwerikken;Galerida magnirostris;Grootsnavelleeuwerik;;;;;;
Long-billed Crombec;Crombec;Krombekken;Sylvietta rufescens;Kaapse Krombek;Vaak;Vaak;Vaak;Vaak;Vaak;
Rockrunner;Crombec;Krombekken;Achaetops pycnopygius;Roodstuitrotszanger;;;Soms;;;
Yellow-bellied Eremomela;Erenomela/Cisticola;Zangers;Eremomela icteropygialis;Geelbuik-eremomela;Vaak;Vaak;Vaak;Vaak;Vaak;
Green-capped Eremomela;Erenomela/Cisticola;Zangers;Eremomela scotops;Groenkaperemomela;;;;Zelden;Zelden;
Karoo Eremomela;Erenomela/Cisticola;Zangers;Eremomela gregalis;Karoo-eremomela;Zelden;Zelden;;;;
Burnt-necked Eremomela;Erenomela/Cisticola;Zangers;Eremomela usticollis;Roesthalseremomela;;;Vaak;Vaak;Vaak;
Namaqua Warbler;Erenomela/Cisticola;Zangers;Phragmacia substriata;Namaquaprinia;;;;;;
Yellow-breasted Apalis;Erenomela/Cisticola;Zangers;Apalis flavida;Geelborstapalis;;;Vaak;Vaak;Vaak;
Miombo Wren Warbler;Erenomela/Cisticola;Zangers;Calamonastes undosus;Miombosavannezanger;;;;Vaak;Vaak;
Barred Wren Warbler;Erenomela/Cisticola;Zangers;Calamonastes fasciolatus;Gebandeerde Savannezanger;;;Vaak;Vaak;;
Grey-backed Camaroptera;Erenomela/Cisticola;Zangers;Camaroptera brachyura;Mekker-camaroptera;;;Vaak;Vaak;Vaak;
Cinnamon-breasted Warbler;Erenomela/Cisticola;Zangers;Euryptila subcinnamomea;Kopjeszanger;Zelden;;;;;
Rufous-eared Warbler;Erenomela/Cisticola;Zangers;Malcorus pectoralis;Roodoorprinia;Vaak;Vaak;Vaak;;;
Red-faced Cisticola;Erenomela/Cisticola;Zangers;Cisticola erythrops;Roodmaskergraszanger;;;;Vaak;Vaak;
Rattling Cisticola;Erenomela/Cisticola;Zangers;Cisticola chiniana;Ratelgraszanger;;;Vaak;Vaak;Vaak;
Tinkling Cisticola;Erenomela/Cisticola;Zangers;Cisticola rufilatus;Roodstaartgraszanger;;;Soms;Soms;Soms;
Grey-backed Cisticola;Erenomela/Cisticola;Zangers;Cisticola subruficapilla;Rotsgraszanger;Vaak;Vaak;;;;
Winding Cisticola;Erenomela/Cisticola;Zangers;Cisticola galactotes;Zwartrug-graszanger;;;;Soms;Soms;
Chirping Cisticola;Erenomela/Cisticola;Zangers;Cisticola pipiens;Moerasgraszanger;;;;Soms;Soms;
Levaillant's Cisticola;Erenomela/Cisticola;Zangers;Cisticola tinniens;Valleigraszanger;;;;;;
Piping Cisticola;Erenomela/Cisticola;Zangers;Cisticola fulvicapilla;Bruinkopgraszanger;;;Vaak;Vaak;Vaak;
Zitting Cisticola;Erenomela/Cisticola;Zangers;Cisticola juncidis;Graszanger;;Vaak;;Vaak;Vaak;
Desert Cisticola;Erenomela/Cisticola;Zangers;Cisticola aridulus;Kalaharigraszanger;;Soms;Soms;Soms;Soms;
Tawny-flanked Prinia;Erenomela/Cisticola;Zangers;Prinia subflava;Roestflankprinia;;;;Vaak;Vaak;
Black-chested Prinia;Erenomela/Cisticola;Zangers;Prinia flavicans;Zwartborstprinia;Vaak;Vaak;Vaak;Vaak;Vaak;
Karoo Prinia;Erenomela/Cisticola;Zangers;Prinia maculosa;Karooprinia;Vaak;;;;;
River Warbler;Warbler;Zangers;Locustella fluviatilis;Krekelzanger;;;;;Zelden;
Little Rush Warbler;Warbler;Zangers;Bradypterus baboecala;Moeras-struikzanger;;;;Soms;Soms;
Olive-tree Warbler;Warbler;Karekieten/Spotvogels;Hippolais olivetorum;Griekse Spotvogel;;;;;Zelden;
Icterine Warbler;Warbler;Karekieten/Spotvogels;Hippolais icterina;Spotvogel;;;Vaak;Vaak;Vaak;
Sedge Warbler;Warbler;Karekieten/Spotvogels;Acrocephalus schoenobaenus;Rietzanger;;;Vaak;Vaak;Vaak;
Marsh Warbler;Warbler;Karekieten/Spotvogels;Acrocephalus palustris;Bosrietzanger;;;;;;
Common Reed Warbler;Warbler;Karekieten/Spotvogels;Acrocephalus scirpaceus;Kleine Karekiet;;;;;Zelden;
Lesser Swamp Warbler;Warbler;Karekieten/Spotvogels;Acrocephalus gracilirostris;Kaapse Rietzanger;;;Soms;Soms;Soms;
Greater Swamp Warbler;Warbler;Karekieten/Spotvogels;Acrocephalus rufescens;Papyrusrietzanger;;;;;;
Great Reed Warbler;Warbler;Karekieten/Spotvogels;Acrocephalus arundinaceus;Grote Karekiet;;;Vaak;Vaak;Vaak;
Grey-rumped Swallow;Swallow;Zwaluwen;Pseudhirundo griseopyga;Grijsstuitzwaluw;;;;Soms;Soms;
Northern House Martin;Swallow;Zwaluwen;Delichon urbicum;Huiszwaluw;Vaak;Vaak;Vaak;Vaak;Vaak;
South African Swallow;Swallow;Zwaluwen;Petrochelidon spilodera;Kaapse Klifzwaluw;Vaak;Vaak;Vaak;;;
Lesser Striped Swallow;Swallow;Zwaluwen;Cecropis abyssinica;Savannezwaluw;;;Soms;Soms;Soms;
Rufous-chested Swallow;Swallow;Zwaluwen;Cecropis semirufa;Roodborstzwaluw;;;Soms;Soms;Soms;
Mosque Swallow;Swallow;Zwaluwen;Cecropis senegalensis;Moskeezwaluw;;;Zelden;Zelden;Zelden;
Greater Striped Swallow;Swallow;Zwaluwen;Cecropis cucullata;Kaapse Zwaluw;Vaak;Vaak;Vaak;Vaak;Vaak;
White-throated Swallow;Swallow;Zwaluwen;Hirundo albigularis;Witkeelzwaluw;Vaak;Vaak;Vaak;Vaak;Vaak;
Wire-tailed Swallow;Swallow;Zwaluwen;Hirundo smithii;Roodkruinzwaluw;;;Vaak;Vaak;Vaak;
Barn Swallow;Swallow;Zwaluwen;Hirundo rustica;Boerenzwaluw;Vaak;Vaak;Vaak;Vaak;Vaak;
Angolan Swallow;Swallow;Zwaluwen;Hirundo angolensis;Angolese Zwaluw;;;;;;Zeldzaam/Dwaalgast 
Pearl-breasted Swallow;Swallow;Zwaluwen;Hirundo dimidiata;Parelborstzwaluw;Soms;Soms;Soms;Soms;Soms;
Rock Martin;Swallow;Zwaluwen;Ptyonoprogne fuligula;Kaapse Rotszwaluw;Vaak;Vaak;Vaak;;;
Banded Martin;Swallow;Zwaluwen;Neophedina cincta;Witbrauwzwaluw;;Soms;Soms;Soms;Soms;
Plain Martin;Swallow;Zwaluwen;Riparia paludicola;Vale Oeverzwaluw;Vaak;Vaak;Vaak;Vaak;Vaak;
Sand Martin;Swallow;Zwaluwen;Riparia riparia;Oeverzwaluw;;;Zelden;Zelden;Zelden;
Yellow-throated Greenbul;Greenbul;Buulbulen;Atimastillas flavicollis;Geelkraagbuulbuul;;;;;;Zeldzaam/Dwaalgast 
Yellow-bellied Greenbul;Greenbul;Buulbulen;Chlorocichla flaviventris;Geelborstbuulbuul;;;;Soms;Soms;
Terrestrial Brownbul;Greenbul;Buulbulen;Phyllastrephus terrestris;Kaapse Loofbuulbuul;;;;Vaak;Vaak;
Black-fronted Bulbul;Greenbul;Buulbulen;Pycnonotus nigricans;Maskerbuulbuul;Vaak;Vaak;Vaak;Vaak;Vaak;
Cape Bulbul;Greenbul;Buulbulen;Pycnonotus capensis;Kaapse Buulbuul;;;;;;
Common Bulbul;Greenbul;Buulbulen;Pycnonotus barbatus;Grauwe Buulbuul;;;;Vaak;Vaak;
Willow Warbler;Warbler;Fitis;Phylloscopus trochilus;Fitis;;;Vaak;Vaak;Vaak;
Eurasian Blackcap;Warbler;Mussen;Sylvia atricapilla;Zwartkop;;;;;;Zeldzaam/Dwaalgast 
Garden Warbler;Warbler;Mussen;Sylvia borin;Tuinfluiter;;;Vaak;Vaak;Vaak;
Layard's Warbler;Warbler;Mussen;Curruca layardi;Layards Meeszanger;Vaak;Vaak;;;;
Chestnut-vented Warbler;Warbler;Mussen;Curruca subcoerulea;Kaapse Meeszanger;Vaak;Vaak;Vaak;Vaak;Vaak;
Common Whitethroat;Warbler;Mussen;Curruca communis;Grasmus;;;Soms;Soms;Soms;
African Yellow White-eye;White-eye;Brilvogels;Zosterops senegalensis;Afrikaanse Brilvogel;;;;Vaak;Vaak;
Orange River White-eye;White-eye;Brilvogels;Zosterops pallidus;Oranjerivierbrilvogel;Vaak;Vaak;Vaak;;;
Black-faced Babbler;Babbler;Babbelaars;Turdoides melanops;Zwartteugelbabbelaar;;;Zelden;Zelden;;
Arrow-marked Babbler;Babbler;Babbelaars;Turdoides jardineii;Pijlpuntbabbelaar;;;;Vaak;Vaak;
Hartlaub's Babbler;Babbler;Babbelaars;Turdoides hartlaubii;Zuidelijke Witstuitbabbelaar;;;;Soms;Soms;
Southern Pied Babbler;Babbler;Babbelaars;Turdoides bicolor;Eksterbabbelaar;;;Vaak;Vaak;;
Bare-cheeked Babbler;Babbler;Babbelaars;Turdoides gymnogenys;Naaktwangbabbelaar;;;Soms;;;
Red-billed Oxpecker;Oxpecker;Ossenpikkers;Buphagus erythrorhynchus;Roodsnavelossenpikker;;;;Zelden;Zelden;
Yellow-billed Oxpecker;Oxpecker;Ossenpikkers;Buphagus africanus;Geelsnavelossenpikker;;;;Soms;Soms;
Common Starling;Starling;Spreeuwen;Sturnus vulgaris;Spreeuw;;;;;;Geïntroduceerde soort 
Wattled Starling;Starling;Spreeuwen;Creatophora cinerea;Lelspreeuw;Soms;Soms;Soms;Soms;Soms;
Common Myna;Starling;Spreeuwen;Acridotheres tristis;Treurmaina;;;;;;Zeldzaam/Dwaalgast 
Pale-winged Starling;Starling;Spreeuwen;Onychognathus nabouroup;Vaalvleugelspreeuw;Vaak;Vaak;Vaak;;;
Burchell's Starling;Starling;Spreeuwen;Lamprotornis australis;Grote Glansspreeuw;;;Vaak;Vaak;Vaak;
Meves's Long-tailed Starling;Starling;Spreeuwen;Lamprotornis mevesii;Meves' Langstaartglansspreeuw;;;Soms;Soms;Soms;
Sharp-tailed Starling;Starling;Spreeuwen;Lamprotornis acuticaudus;Pijlstaartglansspreeuw;;;Zelden;;;
Lesser Blue-eared Starling;Starling;Spreeuwen;Lamprotornis chloropterus;Blauwoor-glansspreeuw;;;;;Soms;
Cape Starling;Starling;Spreeuwen;Lamprotornis nitens;Roodschouderglansspreeuw;Vaak;Vaak;Vaak;Vaak;Vaak;
Greater Blue-eared Starling;Starling;Spreeuwen;Lamprotornis chalybaeus;Groenstaartglansspreeuw;;;Soms;Vaak;Vaak;
Amethyst Starling;Starling;Spreeuwen;Cinnyricinclus leucogaster;Amethistspreeuw;;Soms;Soms;Soms;Soms;
Karoo Scrub Robin;Flycatcher/Chat;Vliegenvangers/Lijsters;Cercotrichas coryphoeus;Karoowaaierstaart;;;;;;
Eastern Bearded Scrub Robin;Flycatcher/Chat;Vliegenvangers/Lijsters;Cercotrichas quadrivirgata;Streepkopwaaierstaart;;;;Vaak;Vaak;
Kalahari Scrub Robin;Flycatcher/Chat;Vliegenvangers/Lijsters;Cercotrichas paena;Kalahariwaaierstaart;Vaak;Vaak;Vaak;Vaak;Vaak;
White-browed Scrub Robin;Flycatcher/Chat;Vliegenvangers/Lijsters;Cercotrichas leucophrys;Witbrauwwaaierstaart;;;Vaak;Vaak;Vaak;
Herero Chat;Flycatcher/Chat;Vliegenvangers/Lijsters;Namibornis herero;Hererotapuit;;Zelden;;;;
Spotted Flycatcher;Flycatcher/Chat;Vliegenvangers/Lijsters;Muscicapa striata;Grauwe Vliegenvanger;Vaak;Vaak;Vaak;Vaak;Vaak;
Ashy Flycatcher;Flycatcher/Chat;Vliegenvangers/Lijsters;Muscicapa caerulescens;Blauwgrijze Vliegenvanger;;;;Soms;Soms;
Grey Tit Flycatcher;Flycatcher/Chat;Vliegenvangers/Lijsters;Myioparus plumbeus;Meesvliegenvanger;;;;Zelden;Zelden;
Pale Flycatcher;Flycatcher/Chat;Vliegenvangers/Lijsters;Bradornis pallidus;Vale Vliegenvanger;;;;Soms;Soms;
Chat Flycatcher;Flycatcher/Chat;Vliegenvangers/Lijsters;Bradornis infuscatus;Lijstervliegenvanger;;;;;;
Mariqua Flycatcher;Flycatcher/Chat;Vliegenvangers/Lijsters;Bradornis mariquensis;Maricovliegenvanger;;;Vaak;Vaak;Vaak;
Southern Black Flycatcher;Flycatcher/Chat;Vliegenvangers/Lijsters;Melaenornis pammelaina;Kaapse Drongovliegenvanger;;;;Vaak;Vaak;
Cape Robin Chat;Flycatcher/Chat;Vliegenvangers/Lijsters;Cossypha caffra;Kaapse Lawaaimaker;;;;;;
White-browed Robin Chat;Flycatcher/Chat;Vliegenvangers/Lijsters;Cossypha heuglini;Witbrauwlawaaimaker;;;;Vaak;Vaak;
Red-capped Robin Chat;Flycatcher/Chat;Vliegenvangers/Lijsters;Cossypha natalensis;Roodkoplawaaimaker;;;;;Vaak;
Angola Cave Chat;Flycatcher/Chat;Vliegenvangers/Lijsters;Xenocopsychus ansorgei;Holenlawaaimaker;;;;;;
Collared Palm Thrush;Flycatcher/Chat;Vliegenvangers/Lijsters;Cichladusa arquata;Zambesipalmlijster;;;;;;
Red-tailed Palm Thrush;Flycatcher/Chat;Vliegenvangers/Lijsters;Cichladusa ruficauda;Gabonpalmlijster;;;;;Zelden;
Thrush Nightingale;Flycatcher/Chat;Vliegenvangers/Lijsters;Luscinia luscinia;Noordse Nachtegaal;;;;Zelden;Zelden;
Collared Flycatcher;Flycatcher/Chat;Vliegenvangers/Lijsters;Ficedula albicollis;Withalsvliegenvanger;;;;;;Zeldzaam/Dwaalgast 
Short-toed Rock Thrush;Flycatcher/Chat;Vliegenvangers/Lijsters;Monticola brevipes;Kortteenrotslijster;Vaak;Vaak;Vaak;;;
Whinchat;Flycatcher/Chat;Vliegenvangers/Lijsters;Saxicola rubetra;Paapje;;;;;;Zeldzaam/Dwaalgast 
African Stonechat;Flycatcher/Chat;Vliegenvangers/Lijsters;Saxicola torquatus;Afrikaanse Roodborsttapuit;;;;Vaak;Vaak;
Sickle-winged Chat;Flycatcher/Chat;Vliegenvangers/Lijsters;Emarginata sinuata;Vlaktespekvreter;;;;;;
Karoo Chat;Flycatcher/Chat;Vliegenvangers/Lijsters;Emarginata schlegelii;Karoospekvreter;Vaak;Vaak;;;;
Tractrac Chat;Flycatcher/Chat;Vliegenvangers/Lijsters;Emarginata tractrac;Woestijnspekvreter;Vaak;Vaak;;;;
Southern Anteater Chat;Flycatcher/Chat;Vliegenvangers/Lijsters;Myrmecocichla formicivora;Kaapse Miertapuit;;;Vaak;Vaak;;
Mountain Wheatear;Flycatcher/Chat;Vliegenvangers/Lijsters;Myrmecocichla monticola;Bergtapuit;Vaak;Vaak;Vaak;;;
Arnott's Chat;Flycatcher/Chat;Vliegenvangers/Lijsters;Myrmecocichla arnotti;Arnot-miertapuit;;;;Soms;Soms;
Northern Wheatear;Flycatcher/Chat;Vliegenvangers/Lijsters;Oenanthe oenanthe;Tapuit;;;;;;Zeldzaam/Dwaalgast 
Capped Wheatear;Flycatcher/Chat;Vliegenvangers/Lijsters;Oenanthe pileata;Aardtapuit;Soms;Soms;Soms;Soms;Soms;
Familiar Chat;Flycatcher/Chat;Vliegenvangers/Lijsters;Oenanthe familiaris;Roodstaartspekvreter;Vaak;Vaak;Vaak;;;
Groundscraper Thrush;Thrush;Lijsters;Psophocichla litsitsirupa;Acacialijster;;;Soms;Soms;Soms;
Kurrichane Thrush;Thrush;Lijsters;Turdus libonyana;Kurrichanelijster;;;;Vaak;Vaak;
Smith's Thrush;Thrush;Lijsters;Turdus smithi;Karoolijster;;;;;;
Smith's Thrush;Thrush;Lijsters;Turdus smithi;Karoolijster;;;;;;
;;;;;;;;;;
;;;;;;;;;;
;;;;;;;;;;
;;;;;;;;;;
;;;;;;;;;;
;;;;;;;;;;
;;;;;;;;;;
;;;;;;;;;;
;;;;;;;;;;
;;;;;;;;;;
;;;;;;;;;;
;;;;;;;;;;
;;;;;;;;;;
;;;;;;;;;;
;;;;;;;;;;
;;;;;;;;;;
;;;;;;;;;;
;;;;;;;;;;
;;;;;;;;;;
;;;;;;;;;;
;;;;;;;;;;
;;;;;;;;;;
;;;;;;;;;;
;;;;;;;;;;
;;;;;;;;;;
;;;;;;;;;;
;;;;;;;;;;
;;;;;;;;;;
;;;;;;;;;;
;;;;;;;;;;
;;;;;;;;;;
;;;;;;;;;;
;;;;;;;;;;
;;;;;;;;;;
;;;;;;;;;;
;;;;;;;;;;
;;;;;;;;;;
;;;;;;;;;;
;;;;;;;;;;
;;;;;;;;;;
;;;;;;;;;;
;;;;;;;;;;
;;;;;;;;;;
;;;;;;;;;;
;;;;;;;;;;
;;;;;;;;;;
;;;;;;;;;;
;;;;;;;;;;
;;;;;;;;;;
;;;;;;;;;;
;;;;;;;;;;
;;;;;;;;;;
;;;;;;;;;;
;;;;;;;;;;
;;;;;;;;;;
;;;;;;;;;;
;;;;;;;;;;
;;;;;;;;;;
;;;;;;;;;;
;;;;;;;;;;
;;;;;;;;;;
;;;;;;;;;;
;;;;;;;;;;
;;;;;;;;;;
;;;;;;;;;;
;;;;;;;;;;
;;;;;;;;;;
;;;;;;;;;;
;;;;;;;;;;
;;;;;;;;;;
;;;;;;;;;;
;;;;;;;;;;
;;;;;;;;;;
;;;;;;;;;;
;;;;;;;;;;
;;;;;;;;;;
;;;;;;;;;;
;;;;;;;;;;
;;;;;;;;;;
;;;;;;;;;;
;;;;;;;;;;
;;;;;;;;;;
;;;;;;;;;;
;;;;;;;;;;
;;;;;;;;;;
;;;;;;;;;;
;;;;;;;;;;
;;;;;;;;;;
;;;;;;;;;;
;;;;;;;;;;
;;;;;;;;;;
;;;;;;;;;;
;;;;;;;;;;
;;;;;;;;;;
;;;;;;;;;;
;;;;;;;;;;
;;;;;;;;;;
;;;;;;;;;;
;;;;;;;;;;
;;;;;;;;;;
;;;;;;;;;;
;;;;;;;;;;
;;;;;;;;;;
;;;;;;;;;;
;;;;;;;;;;
;;;;;;;;;;
;;;;;;;;;;
;;;;;;;;;;
;;;;;;;;;;
;;;;;;;;;;
;;;;;;;;;;
;;;;;;;;;;
;;;;;;;;;;
;;;;;;;;;;
;;;;;;;;;;
;;;;;;;;;;
;;;;;;;;;;
;;;;;;;;;;
;;;;;;;;;;
;;;;;;;;;;
;;;;;;;;;;
;;;;;;;;;;
;;;;;;;;;;
;;;;;;;;;;
;;;;;;;;;;
;;;;;;;;;;
;;;;;;;;;;
;;;;;;;;;;
;;;;;;;;;;
;;;;;;;;;;
;;;;;;;;;;
;;;;;;;;;;
;;;;;;;;;;
;;;;;;;;;;
;;;;;;;;;;
;;;;;;;;;;
;;;;;;;;;;
;;;;;;;;;;
;;;;;;;;;;
;;;;;;;;;;
;;;;;;;;;;
;;;;;;;;;;
;;;;;;;;;;
;;;;;;;;;;
;;;;;;;;;;
;;;;;;;;;;
;;;;;;;;;;
;;;;;;;;;;
;;;;;;;;;;
;;;;;;;;;;
;;;;;;;;;;
;;;;;;;;;;
;;;;;;;;;;
;;;;;;;;;;
;;;;;;;;;;
;;;;;;;;;;
;;;;;;;;;;
;;;;;;;;;;
;;;;;;;;;;
;;;;;;;;;;
;;;;;;;;;;
;;;;;;;;;;
;;;;;;;;;;
;;;;;;;;;;
;;;;;;;;;;
;;;;;;;;;;
;;;;;;;;;;
;;;;;;;;;;
;;;;;;;;;;
;;;;;;;;;;
;;;;;;;;;;
;;;;;;;;;;
;;;;;;;;;;
;;;;;;;;;;
;;;;;;;;;;
;;;;;;;;;;
;;;;;;;;;;
;;;;;;;;;;
;;;;;;;;;;
;;;;;;;;;;
;;;;;;;;;;
;;;;;;;;;;
;;;;;;;;;;
;;;;;;;;;;
;;;;;;;;;;
;;;;;;;;;;
;;;;;;;;;;
;;;;;;;;;;
;;;;;;;;;;
;;;;;;;;;;
;;;;;;;;;;
;;;;;;;;;;
;;;;;;;;;;
;;;;;;;;;;
;;;;;;;;;;
;;;;;;;;;;
;;;;;;;;;;
;;;;;;;;;;
;;;;;;;;;;
;;;;;;;;;;
;;;;;;;;;;
;;;;;;;;;;
;;;;;;;;;;
;;;;;;;;;;
;;;;;;;;;;
;;;;;;;;;;
;;;;;;;;;;
;;;;;;;;;;
;;;;;;;;;;
;;;;;;;;;;
;;;;;;;;;;
;;;;;;;;;;
;;;;;;;;;;
;;;;;;;;;;
;;;;;;;;;;
;;;;;;;;;;
;;;;;;;;;;
;;;;;;;;;;
;;;;;;;;;;
;;;;;;;;;;
;;;;;;;;;;
;;;;;;;;;;
;;;;;;;;;;
;;;;;;;;;;
;;;;;;;;;;
;;;;;;;;;;
;;;;;;;;;;
;;;;;;;;;;
;;;;;;;;;;
;;;;;;;;;;
;;;;;;;;;;
;;;;;;;;;;
;;;;;;;;;;
;;;;;;;;;;
;;;;;;;;;;
;;;;;;;;;;
;;;;;;;;;;
;;;;;;;;;;
;;;;;;;;;;
;;;;;;;;;;
;;;;;;;;;;
;;;;;;;;;;
;;;;;;;;;;
;;;;;;;;;;
;;;;;;;;;;
;;;;;;;;;;
;;;;;;;;;;
;;;;;;;;;;
;;;;;;;;;;
;;;;;;;;;;
;;;;;;;;;;
;;;;;;;;;;
;;;;;;;;;;
;;;;;;;;;;
;;;;;;;;;;
;;;;;;;;;;
;;;;;;;;;;
;;;;;;;;;;
;;;;;;;;;;
;;;;;;;;;;
;;;;;;;;;;
;;;;;;;;;;
;;;;;;;;;;
;;;;;;;;;;
;;;;;;;;;;
;;;;;;;;;;
;;;;;;;;;;
;;;;;;;;;;
;;;;;;;;;;
;;;;;;;;;;
;;;;;;;;;;
;;;;;;;;;;
;;;;;;;;;;
;;;;;;;;;;
;;;;;;;;;;
;;;;;;;;;;
;;;;;;;;;;
;;;;;;;;;;
;;;;;;;;;;
;;;;;;;;;;
;;;;;;;;;;
;;;;;;;;;;
;;;;;;;;;;
;;;;;;;;;;
;;;;;;;;;;
;;;;;;;;;;
;;;;;;;;;;
;;;;;;;;;;
;;;;;;;;;;
;;;;;;;;;;
;;;;;;;;;;
;;;;;;;;;;
;;;;;;;;;;
;;;;;;;;;;
;;;;;;;;;;
;;;;;;;;;;
;;;;;;;;;;
;;;;;;;;;;
;;;;;;;;;;
;;;;;;;;;;
;;;;;;;;;;
;;;;;;;;;;
;;;;;;;;;;
;;;;;;;;;;
;;;;;;;;;;
;;;;;;;;;;
;;;;;;;;;;
;;;;;;;;;;
;;;;;;;;;;
;;;;;;;;;;
;;;;;;;;;;
;;;;;;;;;;
;;;;;;;;;;
;;;;;;;;;;
;;;;;;;;;;
;;;;;;;;;;
;;;;;;;;;;
;;;;;;;;;;
;;;;;;;;;;
